prob,label,seg
0.0350797,0,x22_85
0.03832032,0,x22_86
0.05841748,0,x22_87
0.052509356,0,x22_88
0.039794147,0,x22_89
0.036537047,0,x22_90
0.037853334,0,x22_91
0.03598578,0,x22_92
0.052478243,0,x22_93
0.052182183,0,x22_94
0.03611575,0,x22_95
0.056864414,0,x22_96
0.03607303,0,x22_97
0.04091027,0,x22_98
0.03883637,0,x22_99
0.03904674,0,x22_120
0.03570234,0,x22_121
0.052928317,0,x22_122
0.052405223,0,x22_123
0.120614424,0,x22_124
0.042669713,0,x22_125
0.054241806,0,x22_126
0.046039138,0,x22_127
0.07701888,0,x22_128
0.041500647,0,x22_129
0.064206876,0,x22_130
0.043922093,0,x22_131
0.044229157,0,x22_132
0.0502092,0,x22_133
0.04721049,0,x22_134
0.057412505,0,x22_135
0.045901682,0,x22_136
0.041509982,0,x22_137
0.043958083,0,x22_138
0.07314698,0,x22_139
0.04477544,0,x22_140
0.043398518,0,x22_141
0.041406177,0,x22_142
0.04920522,0,x22_143
0.110871725,0,x22_144
0.07114573,0,x22_145
0.04399205,0,x22_146
0.082346104,0,x22_147
0.066503,0,x22_148
0.03863092,0,x22_149
0.044857834,0,x22_150
0.039981492,0,x22_151
0.03707414,0,x22_152
0.037491314,0,x22_153
0.039674215,0,x22_154
0.037878208,0,x22_155
0.044029344,0,x22_156
0.041382883,0,x22_157
0.040665068,0,x22_158
0.051722173,0,x22_159
0.038405765,0,x22_160
0.039134964,0,x22_161
0.3387546,0,x22_162
0.04671536,0,x22_163
0.060368348,0,x22_164
0.03703608,0,x22_165
0.25811237,0,x22_166
0.08733438,0,x22_167
0.03310896,0,x22_168
0.0319032,0,x22_169
0.032357674,0,x22_170
0.038602676,0,x22_171
0.034703497,0,x22_172
0.03569356,0,x22_173
0.035212412,0,x22_174
0.033859026,0,x22_175
0.033507273,0,x22_176
0.031864475,0,x22_177
0.05443092,0,x22_178
0.033413444,0,x22_179
0.036593974,0,x22_180
0.036247075,0,x22_181
0.0346146,0,x22_182
0.034195587,0,x22_183
0.03832995,0,x22_184
0.033370376,0,x22_185
0.041492727,0,x22_186
0.036758985,0,x22_187
0.035579197,0,x22_188
0.046275564,0,x22_189
0.037587773,0,x22_190
0.05755977,0,x22_191
0.05832279,0,x22_192
0.035156567,0,x22_193
0.1141783,0,x22_194
0.041765366,0,x22_195
0.035995908,0,x22_196
0.03433526,0,x22_197
0.03331408,0,x22_198
0.033958025,0,x22_199
0.035438947,0,x22_200
0.04163025,0,x22_201
0.040498015,0,x22_202
0.036361706,0,x22_203
0.036096748,0,x22_204
0.037039157,0,x22_205
0.037419796,0,x22_206
0.03818844,0,x22_207
0.056688037,0,x22_208
0.17337918,0,x22_209
0.038216487,0,x22_210
0.034353986,0,x22_211
0.07018721,0,x22_212
0.03622239,0,x22_213
0.037738767,0,x22_214
0.035210546,0,x22_215
0.038674977,0,x22_216
0.061783448,0,x22_217
0.03393793,0,x22_218
0.03809065,0,x22_219
0.04181699,0,x22_220
0.036082383,0,x22_221
0.035009243,0,x22_222
0.035403043,0,x22_223
0.036099304,0,x22_224
0.0451872,0,x22_225
0.040277425,0,x22_226
0.037329733,0,x22_227
0.055417094,0,x22_228
0.037410006,0,x22_229
0.037538577,0,x22_230
0.073279075,0,x22_231
0.035705943,0,x22_232
0.04265867,0,x22_233
0.04345724,0,x22_234
0.04038194,0,x22_235
0.04117596,0,x22_236
0.039130896,0,x22_237
0.03757175,0,x22_238
0.040188193,0,x22_239
0.0399147,0,x22_240
0.03760741,0,x22_241
0.040629625,0,x22_242
0.038720783,0,x22_243
0.048862923,0,x22_244
0.048395213,0,x22_245
0.07423956,0,x22_246
0.04772989,0,x22_247
0.046390165,0,x22_248
0.06464633,0,x22_249
0.043686967,0,x22_250
0.060679976,0,x22_251
0.044624127,0,x22_252
0.05428794,0,x22_253
0.05198215,0,x22_254
0.047477603,0,x22_255
0.053426728,0,x22_256
0.044626538,0,x22_257
0.10706705,0,x22_258
0.04005112,0,x22_259
0.0429592,0,x22_260
0.04347164,0,x22_261
0.04559541,0,x22_262
0.062960476,0,x22_263
0.048164614,0,x22_264
0.035643786,0,x22_265
0.039602987,0,x22_266
0.052164845,0,x22_267
0.03663761,0,x22_268
0.037720148,0,x22_269
0.04099685,0,x22_270
0.0398899,0,x22_271
0.03650399,0,x22_272
0.052277353,0,x22_273
0.03966366,0,x22_274
0.049754247,0,x22_275
0.041156407,0,x22_276
0.03880443,0,x22_277
0.04342304,0,x22_278
0.04141672,0,x22_279
0.03601905,0,x22_280
0.075875446,0,x22_281
0.047438636,0,x22_282
0.03951175,0,x22_283
0.3718756,0,x22_284
0.2263632,0,x22_285
0.3446855,0,x22_286
0.03606252,0,x22_287
0.22603607,0,x22_288
0.045319695,0,x22_289
0.032952745,0,x22_290
0.03744464,0,x22_291
0.098862275,0,x22_292
0.038097613,0,x22_293
0.042781413,0,x22_294
0.047130965,0,x22_295
0.060547456,0,x22_296
0.03947382,0,x22_297
0.03798549,0,x22_298
0.033793177,0,x22_299
0.039946474,0,x22_300
0.06663342,0,x22_301
0.049230617,0,x22_302
0.052241642,0,x22_303
0.060444396,0,x22_304
0.041966476,0,x22_305
0.042295083,0,x22_306
0.13306941,0,x22_307
0.06333098,0,x22_308
0.034673285,0,x22_309
0.037602168,0,x22_310
0.046539612,0,x22_311
0.1165309,0,x22_312
0.046289198,0,x22_313
0.3120647,0,x22_314
0.14019641,0,x22_315
0.2266445,0,x22_316
0.03226289,0,x22_317
0.07171249,0,x22_318
0.03690781,0,x22_319
0.03583884,0,x22_320
0.03628316,0,x22_321
0.05791377,0,x22_322
0.62338346,0,x22_323
0.03832049,0,x22_324
0.03741881,0,x22_325
0.035418417,0,x22_326
0.036146116,0,x22_327
0.10412887,0,x22_328
0.037283372,0,x22_329
0.042177055,0,x22_330
0.11915622,0,x22_331
0.039355222,0,x22_332
0.033784755,0,x22_333
0.11265061,0,x22_334
0.04198723,0,x22_335
0.044812337,0,x22_336
0.5337265,0,x22_337
0.03913838,0,x22_338
0.05712243,0,x22_339
0.038280856,0,x22_340
0.0363168,0,x22_341
0.03885462,0,x22_342
0.03604032,0,x22_343
0.03518304,0,x22_344
0.03831123,0,x22_345
0.03399711,0,x22_346
0.054940015,0,x22_347
0.051105227,0,x22_348
0.03597584,0,x22_349
0.0364614,0,x22_350
0.041000552,0,x22_351
0.039508693,0,x22_352
0.055929493,0,x22_353
0.03941418,0,x22_354
0.04135883,0,x22_355
0.1314321,0,x22_356
0.039450776,0,x22_357
0.040280677,0,x22_358
0.044771872,0,x22_359
0.03994516,0,x22_360
0.07645698,0,x22_361
0.040332988,0,x22_362
0.09967475,0,x22_363
0.046196923,0,x22_364
0.041486513,0,x22_365
0.06364355,0,x22_366
0.06313371,0,x22_367
0.035454206,0,x22_368
0.03841052,0,x22_369
0.049553707,0,x22_370
0.048192058,0,x22_371
0.050779894,0,x22_372
0.20992455,0,x22_373
0.044694588,0,x22_374
0.1412065,0,x22_375
0.043641437,0,x22_376
0.04245988,0,x22_377
0.053729586,0,x22_378
0.1045015,0,x22_379
0.046186585,0,x22_380
0.048976045,0,x22_381
0.058276583,0,x22_382
0.11113903,0,x22_383
0.04367359,0,x22_384
0.08294519,0,x22_385
0.07153889,0,x22_386
0.04530192,0,x22_387
0.038156893,0,x22_388
0.042466123,0,x22_389
0.054383077,0,x22_390
0.07458795,0,x22_391
0.053971738,0,x22_392
0.04644707,0,x22_393
0.05536267,0,x22_394
0.04866881,0,x22_395
0.045191564,0,x22_396
0.043880284,0,x22_397
0.043810237,0,x22_398
0.04920946,0,x22_399
0.049669225,0,x22_400
0.67921853,0,x22_401
0.05378406,0,x22_402
0.08053515,0,x22_403
0.03599892,0,x22_404
0.20275205,0,x22_405
0.032741256,0,x22_406
0.07295098,0,x22_407
0.38174546,0,x22_408
0.12964669,0,x22_409
0.08826461,0,x22_410
0.05445728,0,x22_411
0.04228779,0,x22_412
0.032764487,0,x22_413
0.037054412,0,x22_414
0.082914144,0,x22_415
0.08163372,0,x22_416
0.038703434,0,x22_417
0.041575186,0,x22_418
0.051846217,0,x22_419
0.33988786,0,x22_420
0.068223745,0,x22_421
0.065784775,0,x22_422
0.04030733,0,x22_423
0.08088618,0,x22_424
0.037702028,0,x22_425
0.031936456,0,x22_426
0.030561356,0,x22_427
0.035084616,0,x22_428
0.03243361,0,x22_429
0.0462382,0,x22_430
0.033977218,0,x22_431
0.036245067,0,x22_432
0.1516187,0,x22_433
0.03414809,0,x22_434
0.034049466,0,x22_435
0.033618677,0,x22_436
0.0470761,0,x22_437
0.039216075,0,x22_438
0.040874943,0,x22_439
0.036278542,0,x22_440
0.03449124,0,x22_441
0.034580432,0,x22_442
0.034049734,0,x22_443
0.033199746,0,x22_444
0.03297801,0,x22_445
0.034251504,0,x22_446
0.0331182,0,x22_447
0.03313135,0,x22_448
0.032875836,0,x22_449
0.038594026,0,x22_450
0.037453055,0,x22_451
0.033727616,0,x22_452
0.037329476,0,x22_453
0.033898167,0,x22_454
0.039304357,0,x22_455
0.03602327,0,x22_456
0.042053252,0,x22_457
0.038056508,0,x22_458
0.037223138,0,x22_459
0.038674988,0,x22_460
0.037580673,0,x22_461
0.07940334,0,x22_462
0.0410348,0,x22_463
0.064005844,0,x22_464
0.03416919,0,x22_465
0.18109377,0,x22_466
0.038259216,0,x22_468
0.033873454,0,x22_469
0.10254571,0,x22_470
0.03479186,0,x22_471
0.1379213,0,x22_472
0.03387116,0,x22_473
0.031838134,0,x22_474
0.16983026,0,x22_475
0.52010417,0,x22_476
0.15257457,0,x22_477
0.6341558,0,x22_478
0.48350236,0,x22_479
0.055155884,0,x22_480
0.28979874,0,x22_481
0.5827618,1,x23_121
0.09341331,1,x23_122
0.7325928,1,x23_123
0.75963366,1,x23_124
0.8079847,1,x23_125
0.76398426,1,x23_126
0.79241407,1,x23_127
0.7598915,1,x23_128
0.7945027,1,x23_129
0.78391653,1,x23_130
0.8188276,1,x23_131
0.74241525,1,x23_132
0.7728153,1,x23_133
0.78546196,1,x23_134
0.80338115,1,x23_135
0.8095407,1,x23_136
0.6829189,1,x23_137
0.7964642,1,x23_138
0.80296,1,x23_139
0.7688061,1,x23_140
0.8067876,1,x23_141
0.7741542,1,x23_142
0.78538185,1,x23_143
0.7797521,1,x23_144
0.672344,1,x23_145
0.6540885,1,x23_146
0.79774904,1,x23_147
0.672076,1,x23_148
0.7599053,1,x23_149
0.7551264,1,x23_150
0.7448395,1,x23_151
0.8182261,1,x23_152
0.72540724,1,x23_153
0.39114195,1,x23_154
0.23694554,1,x23_155
0.6973634,1,x23_156
0.77069086,1,x23_157
0.7520255,1,x23_158
0.6787496,1,x23_159
0.7235075,1,x23_160
0.6711813,1,x23_161
0.7115783,1,x23_162
0.6834178,1,x23_163
0.54700375,1,x23_164
0.7364251,1,x23_165
0.7602671,1,x23_166
0.79406446,1,x23_167
0.7920937,1,x23_168
0.7859286,1,x23_169
0.7213275,1,x23_170
0.75000674,1,x23_171
0.7312873,1,x23_172
0.6686523,1,x23_173
0.64576197,1,x23_174
0.67489177,1,x23_175
0.7303419,1,x23_176
0.7268582,1,x23_177
0.7130069,1,x23_178
0.78716236,1,x23_179
0.7651275,1,x23_180
0.78682405,1,x23_181
0.68433595,1,x23_182
0.7839615,1,x23_388
0.7318277,1,x23_389
0.7502165,1,x23_390
0.7844391,1,x23_391
0.6965186,1,x23_392
0.7423723,1,x23_393
0.65795153,1,x23_394
0.6789483,1,x23_395
0.5622254,1,x23_396
0.6431641,1,x23_397
0.2633084,1,x23_398
0.75767106,1,x23_399
0.7421351,1,x23_400
0.7788887,1,x23_401
0.4460029,1,x23_402
0.65331036,1,x23_403
0.53224075,1,x23_404
0.76446,1,x23_405
0.7619405,1,x23_406
0.76863325,1,x23_407
0.7840841,1,x23_408
0.7470745,1,x23_409
0.799508,1,x23_410
0.77527565,1,x23_411
0.6647949,1,x23_412
0.17128843,1,x23_413
0.194204,1,x23_414
0.6947458,1,x23_415
0.7838866,1,x23_416
0.061881244,1,x23_417
0.7819598,1,x23_418
0.089995585,1,x23_419
0.7741146,1,x23_420
0.062263146,1,x23_421
0.6479925,1,x23_422
0.66285753,1,x23_423
0.7948066,1,x23_424
0.6954918,1,x23_425
0.30042237,1,x23_426
0.6666615,1,x23_427
0.7659122,1,x23_428
0.12036022,1,x23_429
0.24225724,1,x23_430
0.0907243,1,x23_431
0.22215107,1,x23_432
0.79321146,1,x23_433
0.71785134,1,x23_434
0.59276813,1,x23_435
0.3175593,1,x23_436
0.79551524,1,x23_437
0.724634,1,x23_438
0.39134893,1,x23_439
0.49969843,1,x23_440
0.7819745,1,x23_441
0.8090696,1,x23_442
0.756254,1,x23_443
0.5254596,1,x23_444
0.07965246,0,x23_0
0.2689493,0,x23_1
0.17311236,0,x23_10
0.111111544,0,x23_11
0.28767356,0,x23_12
0.346283,0,x23_13
0.170012,0,x23_14
0.23252909,0,x23_15
0.15651377,0,x23_16
0.12744544,0,x23_17
0.06943321,0,x23_18
0.058821656,0,x23_19
0.08770159,0,x23_2
0.28984922,0,x23_20
0.5456523,0,x23_21
0.06195219,0,x23_22
0.31241876,0,x23_23
0.10006295,0,x23_24
0.05374948,0,x23_25
0.046604227,0,x23_26
0.045781586,0,x23_27
0.06660884,0,x23_28
0.062850945,0,x23_29
0.073724374,0,x23_3
0.040943474,0,x23_30
0.058046687,0,x23_31
0.04369406,0,x23_32
0.07832673,0,x23_33
0.06284642,0,x23_34
0.057524316,0,x23_35
0.07740051,0,x23_36
0.19117706,0,x23_37
0.087025344,0,x23_38
0.051183358,0,x23_39
0.4379918,0,x23_4
0.044703063,0,x23_40
0.05026344,0,x23_41
0.042424273,0,x23_42
0.050613977,0,x23_43
0.069743805,0,x23_44
0.13295174,0,x23_45
0.05102771,0,x23_46
0.048198406,0,x23_47
0.05638993,0,x23_48
0.06575919,0,x23_49
0.7648475,0,x23_5
0.04948793,0,x23_50
0.7409029,0,x23_51
0.043550596,0,x23_52
0.04697188,0,x23_53
0.04967429,0,x23_54
0.047775168,0,x23_55
0.074504636,0,x23_56
0.05662702,0,x23_57
0.05802321,0,x23_58
0.06368797,0,x23_59
0.18618667,0,x23_6
0.2680095,0,x23_7
0.1632866,0,x23_8
0.44111562,0,x23_9
0.070413366,0,x23_100
0.04963297,0,x23_101
0.077887714,0,x23_102
0.18744166,0,x23_103
0.075565405,0,x23_104
0.043627232,0,x23_105
0.051564395,0,x23_106
0.06910011,0,x23_107
0.055497468,0,x23_108
0.04703958,0,x23_109
0.05893585,0,x23_110
0.079985894,0,x23_111
0.05148918,0,x23_112
0.04958461,0,x23_113
0.044509187,0,x23_114
0.043646615,0,x23_115
0.11130428,0,x23_116
0.046099413,0,x23_117
0.0480288,0,x23_118
0.62663525,0,x23_119
0.07575222,0,x23_60
0.05159146,0,x23_61
0.060472142,0,x23_62
0.05772565,0,x23_63
0.06411666,0,x23_64
0.055966932,0,x23_65
0.047244217,0,x23_66
0.056900505,0,x23_67
0.047285877,0,x23_68
0.054461677,0,x23_69
0.06397219,0,x23_70
0.5507967,0,x23_71
0.05607629,0,x23_72
0.23791483,0,x23_73
0.048790723,0,x23_74
0.73965615,0,x23_75
0.0528922,0,x23_76
0.11975894,0,x23_77
0.058072824,0,x23_78
0.056750365,0,x23_79
0.055097245,0,x23_80
0.7613537,0,x23_81
0.049659453,0,x23_82
0.048082724,0,x23_83
0.1552316,0,x23_84
0.068917565,0,x23_85
0.056512453,0,x23_86
0.712403,0,x23_87
0.053177483,0,x23_88
0.052498616,0,x23_89
0.052141584,0,x23_90
0.050169326,0,x23_91
0.044280626,0,x23_92
0.5289606,0,x23_93
0.05462297,0,x23_94
0.05872371,0,x23_95
0.050354157,0,x23_96
0.051832438,0,x23_97
0.06892091,0,x23_98
0.050113235,0,x23_99
0.41225773,0,x23_120
0.46396443,0,x23_183
0.06929123,0,x23_184
0.06955143,0,x23_185
0.05823857,0,x23_186
0.0749939,0,x23_187
0.06642602,0,x23_188
0.06316575,0,x23_189
0.12015705,0,x23_190
0.09150475,0,x23_191
0.099108055,0,x23_192
0.06445685,0,x23_193
0.06869753,0,x23_194
0.068182,0,x23_195
0.25686488,0,x23_196
0.06653755,0,x23_197
0.071623,0,x23_198
0.06147571,0,x23_199
0.08790918,0,x23_200
0.095301166,0,x23_201
0.09853523,0,x23_202
0.067577146,0,x23_203
0.057620045,0,x23_204
0.074684985,0,x23_205
0.06360897,0,x23_206
0.06903146,0,x23_207
0.07273071,0,x23_208
0.06303195,0,x23_209
0.060973022,0,x23_210
0.07295179,0,x23_211
0.08908867,0,x23_212
0.079305604,0,x23_213
0.063868344,0,x23_214
0.093065776,0,x23_215
0.07201384,0,x23_216
0.054079257,0,x23_217
0.071489304,0,x23_218
0.06829369,0,x23_219
0.058209576,0,x23_220
0.062676616,0,x23_221
0.06370768,0,x23_222
0.058678392,0,x23_223
0.059589535,0,x23_224
0.7330014,0,x23_225
0.4431663,0,x23_226
0.058011092,0,x23_227
0.08903277,0,x23_228
0.07157162,0,x23_229
0.08594176,0,x23_230
0.064171046,0,x23_231
0.073621795,0,x23_232
0.07319863,0,x23_233
0.055950228,0,x23_234
0.080358945,0,x23_235
0.11677466,0,x23_236
0.08535408,0,x23_237
0.06269832,0,x23_238
0.056283575,0,x23_239
0.054190774,0,x23_240
0.08306967,0,x23_241
0.04846639,0,x23_242
0.06098523,0,x23_243
0.07980025,0,x23_244
0.049336184,0,x23_245
0.06364,0,x23_246
0.047952943,0,x23_247
0.058466647,0,x23_248
0.055952717,0,x23_249
0.051787052,0,x23_250
0.05684718,0,x23_251
0.049268015,0,x23_252
0.04926201,0,x23_253
0.07377614,0,x23_254
0.052844655,0,x23_255
0.07184138,0,x23_256
0.051805913,0,x23_257
0.04765928,0,x23_258
0.049838416,0,x23_259
0.070409425,0,x23_260
0.048531737,0,x23_261
0.055621922,0,x23_262
0.051779848,0,x23_263
0.07953325,0,x23_264
0.06928588,0,x23_265
0.10215293,0,x23_266
0.18076375,0,x23_267
0.06033706,0,x23_268
0.07559178,0,x23_269
0.067158975,0,x23_270
0.050493833,0,x23_271
0.053035196,0,x23_272
0.0517107,0,x23_273
0.07295946,0,x23_274
0.059427124,0,x23_275
0.052134514,0,x23_276
0.12481393,0,x23_277
0.057984646,0,x23_278
0.048357528,0,x23_279
0.049281415,0,x23_280
0.047883004,0,x23_281
0.047785178,0,x23_282
0.0620013,0,x23_283
0.047534946,0,x23_284
0.10448808,0,x23_285
0.57593614,0,x23_286
0.05313601,0,x23_287
0.08955398,0,x23_288
0.059809968,0,x23_289
0.1022372,0,x23_290
0.053981483,0,x23_291
0.36548603,0,x23_292
0.07253065,0,x23_293
0.062055808,0,x23_294
0.06039084,0,x23_295
0.56592584,0,x23_296
0.71944714,0,x23_297
0.06494835,0,x23_298
0.7373093,0,x23_299
0.78178877,0,x23_300
0.68012345,0,x23_301
0.13355054,0,x23_302
0.074098945,0,x23_303
0.061908178,0,x23_304
0.059786897,0,x23_305
0.07487171,0,x23_306
0.08309443,0,x23_307
0.06269468,0,x23_308
0.061318424,0,x23_309
0.06312997,0,x23_310
0.055676624,0,x23_311
0.109546594,0,x23_312
0.13132739,0,x23_313
0.06525467,0,x23_314
0.069820106,0,x23_315
0.06539171,0,x23_316
0.064023785,0,x23_317
0.07297682,0,x23_318
0.06455503,0,x23_319
0.08813573,0,x23_320
0.08861803,0,x23_321
0.14327095,0,x23_322
0.07814296,0,x23_323
0.07991893,0,x23_324
0.072712176,0,x23_325
0.07860393,0,x23_326
0.07404457,0,x23_327
0.120518,0,x23_328
0.05961274,0,x23_329
0.0717884,0,x23_330
0.082881354,0,x23_331
0.13099574,0,x23_332
0.06763976,0,x23_333
0.059243888,0,x23_334
0.076544985,0,x23_335
0.13823615,0,x23_336
0.06888638,0,x23_337
0.78989875,0,x23_338
0.3105377,0,x23_339
0.23715377,0,x23_340
0.38677806,0,x23_341
0.5837964,0,x23_342
0.44529462,0,x23_343
0.06645778,0,x23_344
0.78917176,0,x23_345
0.793053,0,x23_346
0.08504742,0,x23_347
0.071432956,0,x23_348
0.56234175,0,x23_349
0.06378961,0,x23_350
0.06637303,0,x23_351
0.5953796,0,x23_352
0.10576416,0,x23_353
0.70311904,0,x23_354
0.23444651,0,x23_355
0.23161197,0,x23_356
0.05634491,0,x23_357
0.05297865,0,x23_358
0.15853453,0,x23_359
0.30656037,0,x23_360
0.07323896,0,x23_361
0.1354984,0,x23_362
0.058827437,0,x23_363
0.06627231,0,x23_364
0.25410163,0,x23_365
0.17620708,0,x23_366
0.24260171,0,x23_367
0.25919244,0,x23_368
0.60097444,0,x23_369
0.06539029,0,x23_370
0.33770448,0,x23_371
0.060249615,0,x23_372
0.66486865,0,x23_373
0.24825567,0,x23_374
0.36869228,0,x23_375
0.111993134,0,x23_376
0.16246878,0,x23_377
0.75297874,0,x23_378
0.63120633,0,x23_379
0.78176236,0,x23_380
0.06261606,0,x23_381
0.26661116,0,x23_382
0.09166626,0,x23_383
0.7474935,0,x23_384
0.57750785,0,x23_385
0.6491436,0,x23_386
0.7741192,0,x23_387
0.10164622,0,x23_445
0.6658451,0,x23_446
0.58981746,0,x23_447
0.064672165,0,x23_448
0.072175086,0,x23_449
0.0705872,0,x23_450
0.08100344,0,x23_451
0.10182238,0,x23_452
0.1554322,0,x23_453
0.06742411,0,x23_454
0.06889406,0,x23_455
0.064170055,0,x23_456
0.20160387,0,x23_457
0.104806654,0,x23_458
0.05427198,0,x23_459
0.05639975,0,x23_460
0.061117787,0,x23_461
0.054002237,0,x23_462
0.04746507,0,x23_463
0.048438363,0,x23_464
0.06298616,0,x23_465
0.051664714,0,x23_466
0.06550305,0,x23_467
0.06919771,0,x23_468
0.063973345,0,x23_469
0.05075286,0,x23_470
0.060502417,0,x23_471
0.07182125,0,x23_472
0.047313288,0,x23_473
0.06372091,0,x23_474
0.0544356,0,x23_475
0.047654495,0,x23_476
0.05233702,0,x23_477
0.049714036,0,x23_478
0.05149522,0,x23_479
0.04874319,0,x23_480
0.04780235,0,x23_481
0.045344114,0,x23_482
0.14181909,0,x23_483
0.051886562,0,x23_484
0.09245961,0,x23_485
0.04987386,0,x23_486
0.05237359,0,x23_487
0.05103902,0,x23_488
0.054014757,0,x23_489
0.05602489,0,x23_490
0.053824212,0,x23_491
0.05308398,0,x23_492
0.053397935,0,x23_493
0.05125305,0,x23_494
0.06373782,0,x23_495
0.059602886,0,x23_496
0.065160885,0,x23_497
0.56762457,0,x23_498
0.077043116,0,x23_499
0.05689104,0,x23_500
0.05708952,0,x23_501
0.07126387,0,x23_502
0.06653725,0,x23_503
0.058211796,0,x23_504
0.06829281,0,x23_505
0.06563214,0,x23_506
0.0525273,0,x23_507
0.06977846,0,x23_508
0.06849896,0,x23_509
0.5986648,0,x23_510
0.059234776,0,x23_511
0.1256459,0,x23_512
0.07129912,0,x23_513
0.06455926,0,x23_514
0.070412725,0,x23_515
0.06537482,0,x23_516
0.064049505,0,x23_517
0.060215715,0,x23_518
0.059357323,0,x23_519
0.059697546,0,x23_520
0.06137622,0,x23_521
0.063656025,0,x23_522
0.06792748,0,x23_523
0.0696907,0,x23_524
0.11622025,0,x23_525
0.064338826,0,x23_526
0.6789335,1,x24_132
0.77271885,0,x24_10
0.7551955,0,x24_11
0.7839323,0,x24_13
0.622289,0,x24_14
0.70921516,0,x24_15
0.04309493,0,x24_16
0.4020112,0,x24_17
0.12752718,0,x24_18
0.67320067,0,x24_19
0.44844168,0,x24_20
0.55577403,0,x24_21
0.3473326,0,x24_22
0.57783526,0,x24_23
0.21291181,0,x24_24
0.49961483,0,x24_25
0.03214483,0,x24_26
0.030968303,0,x24_27
0.15656993,0,x24_28
0.73540616,0,x24_29
0.0325148,0,x24_30
0.5663547,0,x24_31
0.35919407,0,x24_32
0.107828975,0,x24_33
0.59632355,0,x24_34
0.47688225,0,x24_35
0.034072116,0,x24_36
0.033645693,0,x24_37
0.030538205,0,x24_38
0.031968154,0,x24_39
0.027673647,0,x24_40
0.02985328,0,x24_41
0.03371134,0,x24_42
0.030301461,0,x24_43
0.5001367,0,x24_44
0.26617432,0,x24_45
0.10698979,0,x24_46
0.41431573,0,x24_47
0.034591235,0,x24_48
0.035262264,0,x24_49
0.034639366,0,x24_50
0.44384912,0,x24_51
0.036519796,0,x24_52
0.034283694,0,x24_53
0.03380196,0,x24_54
0.0350456,0,x24_55
0.038518254,0,x24_56
0.033509124,0,x24_57
0.038261723,0,x24_58
0.0377123,0,x24_59
0.6934616,0,x24_7
0.03991845,0,x24_100
0.03764735,0,x24_101
0.037751004,0,x24_102
0.037595373,0,x24_103
0.037551947,0,x24_104
0.034922224,0,x24_105
0.03536071,0,x24_106
0.036250193,0,x24_107
0.03953893,0,x24_108
0.037357416,0,x24_109
0.0387403,0,x24_110
0.038975514,0,x24_111
0.040733404,0,x24_112
0.040880423,0,x24_113
0.2505879,0,x24_114
0.05147765,0,x24_115
0.039851345,0,x24_116
0.036839567,0,x24_117
0.04235391,0,x24_118
0.043975163,0,x24_119
0.033459116,0,x24_60
0.032829188,0,x24_61
0.032230288,0,x24_62
0.033614468,0,x24_63
0.032853376,0,x24_64
0.032928172,0,x24_65
0.032763135,0,x24_66
0.0323844,0,x24_67
0.032653198,0,x24_68
0.03291214,0,x24_69
0.033284158,0,x24_70
0.033389933,0,x24_71
0.03323619,0,x24_72
0.03327877,0,x24_73
0.033186704,0,x24_74
0.033314764,0,x24_75
0.035122573,0,x24_76
0.034682658,0,x24_77
0.036216486,0,x24_78
0.03598157,0,x24_79
0.038439076,0,x24_80
0.30024308,0,x24_81
0.0379888,0,x24_82
0.038206317,0,x24_83
0.038146455,0,x24_84
0.038062684,0,x24_85
0.0760852,0,x24_86
0.04250263,0,x24_87
0.043141644,0,x24_88
0.038358998,0,x24_89
0.039963916,0,x24_90
0.0372581,0,x24_91
0.03851953,0,x24_92
0.038048234,0,x24_93
0.039333764,0,x24_94
0.03821398,0,x24_95
0.038151048,0,x24_96
0.037901953,0,x24_97
0.03787521,0,x24_98
0.038670518,0,x24_99
0.04015957,0,x24_120
0.039613806,0,x24_121
0.04118577,0,x24_122
0.04142615,0,x24_123
0.24527335,0,x24_124
0.038464975,0,x24_125
0.037168145,0,x24_126
0.042679362,0,x24_127
0.655052,0,x24_128
0.03387113,0,x24_129
0.033416882,0,x24_130
0.08260179,0,x24_131
0.032135505,0,x24_133
0.66690236,0,x24_134
0.03178995,0,x24_135
0.031507496,0,x24_136
0.030650076,0,x24_137
0.036601778,0,x24_138
0.030905161,0,x24_139
0.03457136,0,x24_140
0.0462991,0,x24_141
0.4134233,0,x24_142
0.48694372,0,x24_143
0.040183343,0,x24_144
0.034153722,0,x24_145
0.20763238,0,x24_146
0.07101913,0,x24_147
0.03975388,0,x24_148
0.047894225,0,x24_149
0.04264077,0,x24_150
0.617118,0,x24_151
0.22168341,0,x24_152
0.08640983,0,x24_153
0.04108633,0,x24_154
0.4514506,0,x24_155
0.03307068,0,x24_156
0.03431581,0,x24_157
0.03233105,0,x24_158
0.1768001,0,x24_159
0.062347844,0,x24_160
0.03378141,0,x24_161
0.16996755,0,x24_162
0.14799428,0,x24_163
0.06942299,0,x24_164
0.03657724,0,x24_165
0.03153437,0,x24_166
0.031100664,0,x24_167
0.031260327,0,x24_168
0.032122955,0,x24_169
0.035573144,0,x24_170
0.03036042,0,x24_171
0.03175514,0,x24_172
0.030188276,0,x24_173
0.033347998,0,x24_174
0.030816875,0,x24_175
0.031206176,0,x24_176
0.03176184,0,x24_177
0.6364405,0,x24_178
0.030587202,0,x24_179
0.030373855,0,x24_180
0.030282183,0,x24_181
0.030486068,0,x24_182
0.05185536,0,x24_183
0.030573087,0,x24_184
0.030750921,0,x24_185
0.03072812,0,x24_186
0.263693,0,x24_187
0.41199905,0,x24_188
0.03008234,0,x24_189
0.033555068,0,x24_190
0.043588165,0,x24_191
0.072347194,0,x24_192
0.03792019,0,x24_193
0.034080964,0,x24_194
0.028806416,0,x24_195
0.08912709,0,x24_196
0.064492255,0,x24_197
0.03803633,0,x24_198
0.055821303,0,x24_199
0.15435982,0,x24_200
0.031539645,0,x24_201
0.030706292,0,x24_202
0.030339763,0,x24_203
0.04613011,0,x24_204
0.03309774,0,x24_205
0.03154535,0,x24_206
0.5972003,0,x24_207
0.033082973,0,x24_208
0.031174723,0,x24_209
0.030504692,0,x24_210
0.17942104,0,x24_211
0.03310973,0,x24_212
0.6726717,0,x24_213
0.12509626,0,x24_214
0.031227205,0,x24_215
0.030904368,0,x24_216
0.031170808,0,x24_217
0.030782027,0,x24_218
0.032459073,0,x24_219
0.031172281,0,x24_220
0.033298735,0,x24_221
0.038878046,0,x24_222
0.03998938,0,x24_223
0.1261472,0,x24_224
0.0786057,0,x24_225
0.031617593,0,x24_226
0.039177533,0,x24_227
0.032895155,0,x24_228
0.043103416,0,x24_229
0.032312468,0,x24_230
0.03460669,0,x24_231
0.06364476,0,x24_232
0.051205076,0,x24_233
0.03397197,0,x24_234
0.0327377,0,x24_235
0.036273513,0,x24_236
0.033853296,0,x24_237
0.034108527,0,x24_238
0.03651161,0,x24_239
0.03502457,0,x24_240
0.038179673,0,x24_241
0.036300454,0,x24_242
0.03617094,0,x24_243
0.03608968,0,x24_244
0.10373823,0,x24_245
0.033163298,0,x24_246
0.048248235,0,x24_247
0.033253063,0,x24_248
0.033796903,0,x24_249
0.04272557,0,x24_250
0.036229372,0,x24_251
0.03288181,0,x24_252
0.034286227,0,x24_253
0.059096012,0,x24_254
0.7068065,0,x24_255
0.032761745,0,x24_256
0.04165058,0,x24_257
0.036098465,0,x24_258
0.037245035,0,x24_259
0.10155037,0,x24_260
0.033819165,0,x24_261
0.032493304,0,x24_262
0.036899358,0,x24_263
0.03644147,0,x24_264
0.033449885,0,x24_265
0.032359183,0,x24_266
0.033421088,0,x24_267
0.06750117,0,x24_268
0.039282206,0,x24_269
0.21545488,0,x24_270
0.109899476,0,x24_271
0.03618774,0,x24_272
0.037422873,0,x24_273
0.03717514,0,x24_274
0.03883501,0,x24_275
0.037995037,0,x24_276
0.038662665,0,x24_277
0.036845915,0,x24_278
0.03725167,0,x24_279
0.045207806,0,x24_280
0.037644893,0,x24_281
0.039060704,0,x24_282
0.036539834,0,x24_283
0.0381885,0,x24_284
0.037147045,0,x24_285
0.03771412,0,x24_286
0.037902005,0,x24_287
0.036962967,0,x24_288
0.03745296,0,x24_289
0.038055178,0,x24_290
0.04018828,0,x24_291
0.038555957,0,x24_292
0.038694065,0,x24_293
0.037963994,0,x24_294
0.0369911,0,x24_295
0.037771508,0,x24_296
0.03692651,0,x24_297
0.037791263,0,x24_298
0.037284963,0,x24_299
0.037477925,0,x24_300
0.037363075,0,x24_301
0.04254773,0,x24_302
0.036541063,0,x24_303
0.03702807,0,x24_304
0.037320085,0,x24_305
0.03607958,0,x24_306
0.037512224,0,x24_307
0.037199717,0,x24_308
0.04486061,0,x24_309
0.03563402,0,x24_310
0.6013262,0,x24_311
0.045962933,0,x24_312
0.035271663,0,x24_313
0.033039384,0,x24_314
0.032135468,0,x24_315
0.03340284,0,x24_316
0.032856617,0,x24_317
0.04891675,0,x24_318
0.037531096,0,x24_319
0.034959584,0,x24_320
0.13763718,0,x24_321
0.041967317,0,x24_322
0.03129598,0,x24_323
0.03339802,0,x24_324
0.02993419,0,x24_325
0.03304024,0,x24_326
0.03361866,0,x24_327
0.034721974,0,x24_328
0.03183806,0,x24_329
0.045331713,0,x24_330
0.031552915,0,x24_331
0.032286674,0,x24_332
0.03178048,0,x24_333
0.12361526,0,x24_334
0.4600288,0,x24_335
0.035116903,0,x24_336
0.03770575,0,x24_337
0.030530253,0,x24_338
0.029717226,0,x24_339
0.030209558,0,x24_340
0.030222232,0,x24_341
0.033343356,0,x24_342
0.030993756,0,x24_343
0.035656516,0,x24_344
0.030460851,0,x24_345
0.031814527,0,x24_346
0.03512742,0,x24_347
0.030984776,0,x24_348
0.03235785,0,x24_349
0.040855803,0,x24_350
0.58456105,0,x24_351
0.046559952,0,x24_352
0.036607027,0,x24_353
0.038104497,0,x24_354
0.04032289,0,x24_355
0.04822074,0,x24_356
0.36627987,0,x24_357
0.03344695,0,x24_358
0.033628352,0,x24_359
0.037260737,0,x24_360
0.033224326,0,x24_361
0.033980493,0,x24_362
0.034003653,0,x24_363
0.034365546,0,x24_364
0.034852806,0,x24_365
0.034555055,0,x24_366
0.03705082,0,x24_367
0.034530062,0,x24_368
0.041493587,0,x24_369
0.036422707,0,x24_370
0.036139213,0,x24_371
0.42206517,0,x24_372
0.035818625,0,x24_373
0.57183903,0,x24_374
0.058249153,0,x24_375
0.039222546,0,x24_376
0.039384875,0,x24_377
0.040229347,0,x24_378
0.04111766,0,x24_379
0.03913323,0,x24_380
0.0396808,0,x24_381
0.039685227,0,x24_382
0.038970727,0,x24_383
0.039523173,0,x24_384
0.03872496,0,x24_385
0.03896962,0,x24_386
0.03906087,0,x24_387
0.03843755,0,x24_388
0.038682893,0,x24_389
0.03887313,0,x24_390
0.0379063,0,x24_391
0.041291237,0,x24_392
0.039150327,0,x24_393
0.039401025,0,x24_394
0.0397822,0,x24_395
0.03863001,0,x24_396
0.042316746,0,x24_397
0.04291458,0,x24_398
0.040055845,0,x24_399
0.04262607,0,x24_400
0.039145935,0,x24_401
0.0419934,0,x24_402
0.23549101,0,x24_403
0.035388127,0,x24_404
0.036929533,0,x24_405
0.038471643,0,x24_406
0.038389634,0,x24_407
0.03706674,0,x24_408
0.03663762,0,x24_409
0.039545532,0,x24_410
0.040707715,0,x24_411
0.03783972,0,x24_412
0.047074497,0,x24_413
0.04481123,0,x24_414
0.04272815,0,x24_415
0.03637168,0,x24_416
0.040673617,0,x24_417
0.037040994,0,x24_418
0.036806013,0,x24_419
0.035498224,0,x24_420
0.034399692,0,x24_421
0.040206905,0,x24_422
0.034385726,0,x24_423
0.035801914,0,x24_424
0.035228554,0,x24_425
0.035715777,0,x24_426
0.31247732,0,x24_427
0.3549076,0,x24_428
0.7379543,1,x25_11
0.54374146,1,x25_14
0.6994196,1,x25_30
0.6368486,1,x25_31
0.7277601,1,x25_33
0.7100705,1,x25_34
0.5776734,1,x25_35
0.7375761,1,x25_44
0.21819508,1,x25_45
0.78835356,1,x25_46
0.26123038,1,x25_47
0.79951894,1,x25_48
0.74306446,1,x25_49
0.43466198,1,x25_50
0.74847335,1,x25_51
0.60660803,1,x25_52
0.71491325,1,x25_53
0.6392193,1,x25_54
0.6540746,1,x25_55
0.7838275,1,x25_56
0.48628473,1,x25_57
0.75005317,1,x25_58
0.7316231,1,x25_59
0.6904534,1,x25_100
0.75068605,1,x25_101
0.5807559,1,x25_102
0.72146887,1,x25_103
0.4862015,1,x25_104
0.6044105,1,x25_105
0.57631314,1,x25_106
0.77719253,1,x25_107
0.6209835,1,x25_108
0.6907408,1,x25_109
0.64691275,1,x25_110
0.4675508,1,x25_111
0.4724443,1,x25_112
0.36402816,1,x25_113
0.65048,1,x25_114
0.4029183,1,x25_115
0.22137925,1,x25_116
0.5395497,1,x25_117
0.64667237,1,x25_118
0.4002072,1,x25_119
0.19834648,1,x25_60
0.2453687,1,x25_61
0.5605231,1,x25_62
0.7268712,1,x25_63
0.6549273,1,x25_64
0.7883858,1,x25_65
0.7423606,1,x25_66
0.29821202,1,x25_67
0.39241046,1,x25_68
0.32363185,1,x25_69
0.745221,1,x25_70
0.65031165,1,x25_71
0.53726655,1,x25_72
0.74791294,1,x25_73
0.6610957,1,x25_74
0.6536461,1,x25_75
0.15177587,1,x25_76
0.6294801,1,x25_77
0.5979741,1,x25_78
0.71647763,1,x25_79
0.074585,1,x25_80
0.11973928,1,x25_81
0.24876839,1,x25_82
0.64162385,1,x25_83
0.75044125,1,x25_84
0.75287974,1,x25_85
0.5462782,1,x25_86
0.74067694,1,x25_87
0.66768163,1,x25_88
0.79325336,1,x25_89
0.34515253,1,x25_90
0.6506711,1,x25_91
0.63282484,1,x25_92
0.61249727,1,x25_93
0.6103205,1,x25_94
0.6798421,1,x25_95
0.41659495,1,x25_96
0.5538139,1,x25_97
0.69120747,1,x25_98
0.78739434,1,x25_99
0.40855917,1,x25_120
0.34418702,1,x25_175
0.71293175,1,x25_176
0.6483003,1,x25_177
0.58580285,1,x25_178
0.7476983,1,x25_179
0.70702285,1,x25_180
0.6089732,1,x25_181
0.749274,1,x25_182
0.7032254,1,x25_183
0.70606923,1,x25_184
0.7235285,1,x25_185
0.77528346,1,x25_186
0.69261724,1,x25_187
0.76188654,1,x25_188
0.75353503,1,x25_189
0.70896,1,x25_190
0.68227655,1,x25_191
0.7155559,1,x25_192
0.7652986,1,x25_193
0.63530916,1,x25_194
0.5701885,1,x25_195
0.73901105,1,x25_196
0.69892216,1,x25_197
0.7793644,1,x25_198
0.48517275,1,x25_199
0.7478195,1,x25_200
0.728213,1,x25_201
0.5710043,1,x25_202
0.7268735,1,x25_203
0.5834789,1,x25_204
0.76221794,1,x25_205
0.58404493,1,x25_206
0.6397782,1,x25_207
0.7175864,1,x25_208
0.62188286,1,x25_209
0.6852847,1,x25_210
0.6348493,1,x25_211
0.71602184,1,x25_212
0.7327467,1,x25_213
0.62375575,1,x25_214
0.763763,1,x25_215
0.71046567,1,x25_216
0.7352129,1,x25_217
0.71077716,1,x25_218
0.54086584,1,x25_219
0.35053882,1,x25_292
0.4907054,1,x25_293
0.6568481,1,x25_294
0.74361783,1,x25_295
0.7671463,1,x25_296
0.51428455,1,x25_297
0.701557,1,x25_298
0.33971038,1,x25_299
0.7801154,1,x25_300
0.6399543,1,x25_301
0.6917978,1,x25_302
0.6066456,1,x25_303
0.2655017,1,x25_304
0.16853634,1,x25_305
0.22698133,1,x25_306
0.54314655,1,x25_307
0.64836335,1,x25_308
0.5183752,1,x25_309
0.626297,1,x25_310
0.16607234,1,x25_311
0.6597375,1,x25_312
0.24020262,1,x25_313
0.56585616,1,x25_314
0.51823884,1,x25_315
0.60526603,1,x25_316
0.27142555,1,x25_317
0.594306,1,x25_318
0.79778624,1,x25_319
0.7934004,1,x25_320
0.7412481,1,x25_321
0.7577075,1,x25_322
0.4652548,1,x25_323
0.6250537,1,x25_324
0.6012848,1,x25_325
0.19008818,1,x25_326
0.61219037,1,x25_327
0.7396799,1,x25_328
0.5675199,1,x25_329
0.7502545,1,x25_330
0.80583376,1,x25_331
0.5931881,1,x25_332
0.6986795,1,x25_333
0.6437678,1,x25_334
0.7199623,1,x25_335
0.55330926,1,x25_336
0.47869307,1,x25_337
0.6375563,1,x25_338
0.3169767,1,x25_339
0.7565232,1,x25_340
0.42703664,1,x25_341
0.18781492,1,x25_342
0.77955085,1,x25_343
0.56167215,1,x25_344
0.71854544,1,x25_345
0.6841692,1,x25_346
0.6207927,1,x25_347
0.699989,1,x25_361
0.65217483,1,x25_362
0.32531065,1,x25_383
0.43068972,1,x25_384
0.5109095,1,x25_386
0.2839236,1,x25_387
0.24950002,1,x25_389
0.1445871,1,x25_390
0.5036059,1,x25_391
0.6745908,1,x25_392
0.4249616,1,x25_393
0.34603676,1,x25_394
0.6712118,1,x25_395
0.39264193,1,x25_396
0.48722902,1,x25_397
0.4208003,1,x25_398
0.59471434,1,x25_399
0.31679142,1,x25_400
0.68940127,1,x25_401
0.08764632,1,x25_402
0.63207465,1,x25_403
0.668056,1,x25_404
0.3410028,1,x25_405
0.72810006,1,x25_406
0.66901726,1,x25_407
0.5439163,1,x25_408
0.47522467,1,x25_413
0.32031488,1,x25_414
0.6217559,1,x25_415
0.73488945,1,x25_416
0.78252584,1,x25_417
0.5222796,1,x25_418
0.32938954,1,x25_421
0.6354044,1,x25_422
0.39073876,1,x25_423
0.6662653,1,x25_424
0.27076,1,x25_425
0.61216855,1,x25_426
0.66060114,1,x25_428
0.70403826,1,x25_429
0.5665739,1,x25_430
0.45486823,1,x25_431
0.31507736,1,x25_432
0.43541104,1,x25_433
0.7769736,1,x25_434
0.22659066,1,x25_435
0.22927974,1,x25_436
0.09699031,1,x25_437
0.789433,1,x25_438
0.3902345,1,x25_439
0.30681446,1,x25_440
0.19762442,1,x25_441
0.7230135,1,x25_445
0.64390504,1,x25_446
0.4178556,1,x25_447
0.4112259,1,x25_448
0.24294277,1,x25_449
0.29519916,1,x25_450
0.739077,1,x25_451
0.5528647,1,x25_452
0.45092064,1,x25_453
0.63847995,1,x25_454
0.60192287,1,x25_455
0.5563561,1,x25_456
0.4744375,1,x25_457
0.64267105,1,x25_458
0.6613505,1,x25_459
0.61091995,1,x25_460
0.66492665,1,x25_462
0.6848804,1,x25_465
0.7433934,1,x25_466
0.7303708,1,x25_467
0.7930892,1,x25_468
0.73707646,1,x25_469
0.5622039,1,x25_470
0.7107214,1,x25_471
0.76840276,1,x25_472
0.7123098,1,x25_473
0.75873643,1,x25_474
0.49968827,1,x25_475
0.32720503,1,x25_476
0.43894684,1,x25_477
0.5708055,1,x25_478
0.7451059,1,x25_480
0.77953476,1,x25_483
0.45672104,1,x25_484
0.7809841,1,x25_485
0.70784646,1,x25_486
0.78197336,1,x25_487
0.7142658,1,x25_488
0.77240324,1,x25_489
0.73571986,1,x25_490
0.7507706,1,x25_491
0.65973353,1,x25_492
0.441785,1,x25_493
0.55883294,1,x25_494
0.771901,1,x25_495
0.6659069,1,x25_501
0.72880197,1,x25_502
0.7747909,1,x25_503
0.73029023,1,x25_504
0.6919185,1,x25_505
0.63603026,1,x25_506
0.71125907,1,x25_507
0.7098769,1,x25_508
0.6871392,1,x25_509
0.22944191,0,x25_0
0.6987609,0,x25_1
0.044161465,0,x25_10
0.118394054,0,x25_12
0.6922448,0,x25_13
0.5114099,0,x25_15
0.13525315,0,x25_16
0.14023377,0,x25_17
0.34829158,0,x25_18
0.4232466,0,x25_19
0.37138703,0,x25_2
0.05097536,0,x25_20
0.07227059,0,x25_21
0.68463004,0,x25_22
0.2938866,0,x25_23
0.04783444,0,x25_24
0.049646877,0,x25_25
0.7201769,0,x25_26
0.09199495,0,x25_27
0.59566313,0,x25_28
0.3083135,0,x25_29
0.06478972,0,x25_3
0.27208564,0,x25_32
0.47072235,0,x25_36
0.17031911,0,x25_37
0.06915322,0,x25_38
0.51390773,0,x25_39
0.6913719,0,x25_4
0.061312333,0,x25_40
0.21417922,0,x25_41
0.25531533,0,x25_42
0.05008428,0,x25_43
0.18610561,0,x25_5
0.06968208,0,x25_6
0.05784046,0,x25_7
0.41371414,0,x25_8
0.51919013,0,x25_9
0.4901866,0,x25_121
0.19914316,0,x25_122
0.61103886,0,x25_123
0.052241866,0,x25_124
0.23667888,0,x25_125
0.055754364,0,x25_126
0.05135345,0,x25_127
0.3772221,0,x25_128
0.5938567,0,x25_129
0.0785195,0,x25_130
0.47783133,0,x25_131
0.3730848,0,x25_132
0.12586048,0,x25_133
0.05856995,0,x25_134
0.13317037,0,x25_135
0.09073059,0,x25_136
0.046562403,0,x25_137
0.448001,0,x25_138
0.0802981,0,x25_139
0.2052873,0,x25_140
0.74149126,0,x25_141
0.04993578,0,x25_142
0.10888521,0,x25_143
0.27888703,0,x25_144
0.2882464,0,x25_145
0.3072739,0,x25_146
0.7120328,0,x25_147
0.4067988,0,x25_148
0.31977534,0,x25_149
0.6106468,0,x25_150
0.51768833,0,x25_151
0.5293822,0,x25_152
0.5126912,0,x25_153
0.23237674,0,x25_154
0.1294099,0,x25_155
0.72909653,0,x25_156
0.34225795,0,x25_157
0.37660542,0,x25_158
0.27973035,0,x25_159
0.7003443,0,x25_160
0.7407642,0,x25_161
0.73554844,0,x25_162
0.73502046,0,x25_163
0.5009377,0,x25_164
0.70107335,0,x25_165
0.54798955,0,x25_166
0.22021371,0,x25_167
0.14787813,0,x25_168
0.49372673,0,x25_169
0.16632138,0,x25_170
0.065036565,0,x25_171
0.06875024,0,x25_172
0.35717258,0,x25_173
0.59205604,0,x25_174
0.51483226,0,x25_220
0.32880902,0,x25_221
0.46924043,0,x25_222
0.13069916,0,x25_223
0.072552845,0,x25_224
0.12459597,0,x25_225
0.43893567,0,x25_226
0.54506546,0,x25_227
0.30960304,0,x25_228
0.47307697,0,x25_229
0.6887701,0,x25_230
0.051703576,0,x25_231
0.09357892,0,x25_232
0.07806303,0,x25_233
0.39034325,0,x25_234
0.35512275,0,x25_235
0.08057917,0,x25_236
0.6518605,0,x25_237
0.31891653,0,x25_238
0.06295313,0,x25_239
0.2726006,0,x25_240
0.45394343,0,x25_241
0.084918566,0,x25_242
0.5573514,0,x25_243
0.5497866,0,x25_244
0.26280206,0,x25_245
0.3437453,0,x25_246
0.57866275,0,x25_247
0.5419123,0,x25_248
0.54657984,0,x25_249
0.6830101,0,x25_250
0.64703625,0,x25_251
0.60315686,0,x25_252
0.5417645,0,x25_253
0.491931,0,x25_254
0.7789866,0,x25_255
0.5644858,0,x25_256
0.6429478,0,x25_257
0.7038189,0,x25_258
0.57491803,0,x25_259
0.7428863,0,x25_260
0.05686861,0,x25_261
0.67750245,0,x25_262
0.36711243,0,x25_263
0.2592243,0,x25_264
0.63358045,0,x25_265
0.057360366,0,x25_266
0.03957804,0,x25_267
0.25860724,0,x25_268
0.24390508,0,x25_269
0.5880519,0,x25_270
0.49303544,0,x25_271
0.08394013,0,x25_272
0.21348895,0,x25_273
0.07699689,0,x25_274
0.10659015,0,x25_275
0.71713877,0,x25_276
0.13944107,0,x25_277
0.051533435,0,x25_278
0.5667739,0,x25_279
0.43541598,0,x25_280
0.084870614,0,x25_281
0.13225663,0,x25_282
0.6687721,0,x25_283
0.14731048,0,x25_284
0.37944797,0,x25_285
0.2764208,0,x25_286
0.3902256,0,x25_287
0.7580056,0,x25_288
0.7073509,0,x25_289
0.049473908,0,x25_290
0.20341206,0,x25_291
0.5608635,0,x25_348
0.07998014,0,x25_349
0.23074801,0,x25_350
0.3122904,0,x25_351
0.48118123,0,x25_352
0.29968297,0,x25_353
0.35716444,0,x25_354
0.21030025,0,x25_355
0.6298432,0,x25_356
0.18796778,0,x25_357
0.066580534,0,x25_358
0.2965775,0,x25_359
0.38103837,0,x25_360
0.4784419,0,x25_363
0.09263806,0,x25_364
0.16550355,0,x25_365
0.62164104,0,x25_366
0.49380997,0,x25_367
0.13213868,0,x25_368
0.12561925,0,x25_369
0.35036266,0,x25_370
0.55590427,0,x25_371
0.5241706,0,x25_372
0.38939136,0,x25_373
0.40358028,0,x25_374
0.1316194,0,x25_375
0.29228538,0,x25_376
0.6055633,0,x25_377
0.39381197,0,x25_378
0.20465994,0,x25_379
0.22698341,0,x25_380
0.4333343,0,x25_381
0.38360417,0,x25_382
0.45411354,0,x25_385
0.117085576,0,x25_388
0.41798842,0,x25_409
0.72505677,0,x25_410
0.51536334,0,x25_411
0.110851124,0,x25_412
0.34635252,0,x25_419
0.38190237,0,x25_420
0.5588152,0,x25_427
0.5963108,0,x25_442
0.32809004,0,x25_443
0.105959706,0,x25_444
0.46626547,0,x25_461
0.39233994,0,x25_463
0.51088613,0,x25_464
0.23708403,0,x25_479
0.31227428,0,x25_481
0.109957494,0,x25_482
0.6658212,0,x25_496
0.6260393,0,x25_497
0.618934,0,x25_498
0.6215933,0,x25_499
0.59314543,0,x25_500
0.14433493,1,x26_16
0.5876139,1,x26_17
0.7298446,1,x26_18
0.69970715,1,x26_19
0.5142714,1,x26_20
0.09920504,1,x26_21
0.8059184,1,x26_49
0.7555755,1,x26_50
0.5567229,1,x26_51
0.32861465,1,x26_52
0.32479432,1,x26_53
0.071325645,1,x26_54
0.35489833,1,x26_55
0.6078992,1,x26_56
0.53950167,1,x26_57
0.3789328,1,x26_58
0.52930474,1,x26_59
0.045908228,1,x26_100
0.050464816,1,x26_101
0.047844104,1,x26_102
0.5103542,1,x26_103
0.16428502,1,x26_107
0.73774076,1,x26_108
0.04039014,1,x26_109
0.72491443,1,x26_110
0.09641531,1,x26_111
0.38561925,1,x26_112
0.04013191,1,x26_113
0.7734612,1,x26_114
0.041526433,1,x26_115
0.05417002,1,x26_116
0.56882143,1,x26_117
0.061677285,1,x26_118
0.115440056,1,x26_119
0.3935532,1,x26_60
0.06282659,1,x26_61
0.7137117,1,x26_62
0.6460123,1,x26_63
0.5229178,1,x26_64
0.67809063,1,x26_65
0.7233928,1,x26_66
0.6226164,1,x26_67
0.7294522,1,x26_68
0.7420797,1,x26_69
0.6327686,1,x26_70
0.59849125,1,x26_71
0.3540004,1,x26_72
0.36610106,1,x26_73
0.68835115,1,x26_74
0.69505996,1,x26_75
0.68410647,1,x26_76
0.6830366,1,x26_77
0.5192473,1,x26_78
0.5868149,1,x26_79
0.606884,1,x26_80
0.23256227,1,x26_81
0.5571031,1,x26_82
0.6593126,1,x26_83
0.6853401,1,x26_84
0.54247785,1,x26_85
0.54770064,1,x26_86
0.52441865,1,x26_87
0.25806424,1,x26_88
0.49218997,1,x26_89
0.5810542,1,x26_90
0.2564918,1,x26_91
0.71460617,1,x26_92
0.16181333,1,x26_93
0.6925096,1,x26_94
0.3839183,1,x26_95
0.66249025,1,x26_96
0.68419343,1,x26_97
0.7277017,1,x26_98
0.6140298,1,x26_99
0.18041047,1,x26_120
0.74879366,1,x26_121
0.77022177,1,x26_122
0.21701002,1,x26_123
0.57713866,1,x26_124
0.10428913,1,x26_125
0.3187588,1,x26_126
0.096928366,1,x26_127
0.6920998,1,x26_128
0.05942526,1,x26_166
0.524136,1,x26_167
0.05458225,1,x26_168
0.05196281,1,x26_169
0.055431176,1,x26_170
0.04691764,1,x26_171
0.07150631,1,x26_172
0.04577921,1,x26_173
0.046074353,1,x26_174
0.7682916,1,x26_182
0.7331123,1,x26_183
0.5676772,1,x26_184
0.6113062,1,x26_191
0.34024101,1,x26_192
0.6197583,1,x26_193
0.4305139,1,x26_219
0.5795679,1,x26_220
0.6570409,1,x26_221
0.6853539,1,x26_222
0.5856422,1,x26_223
0.11001283,1,x26_224
0.15509282,1,x26_225
0.29310384,1,x26_226
0.055758506,1,x26_227
0.7547957,1,x26_228
0.1290293,1,x26_229
0.6610052,1,x26_230
0.70795214,1,x26_231
0.43710876,1,x26_232
0.66078544,1,x26_233
0.51587486,1,x26_234
0.65572476,1,x26_235
0.4760122,1,x26_236
0.60239756,1,x26_237
0.2060159,1,x26_238
0.56996834,1,x26_239
0.6647385,1,x26_240
0.49502084,1,x26_241
0.5569826,1,x26_242
0.37130103,1,x26_243
0.34259784,1,x26_244
0.49009162,1,x26_245
0.20973592,1,x26_246
0.42268008,1,x26_247
0.46506217,1,x26_248
0.64793617,1,x26_249
0.59526265,1,x26_250
0.6061904,1,x26_251
0.1748325,1,x26_252
0.66144645,1,x26_253
0.5583368,1,x26_254
0.53790694,1,x26_259
0.24347095,1,x26_260
0.7956764,1,x26_261
0.6287656,1,x26_262
0.4818076,1,x26_263
0.67172444,1,x26_264
0.49904656,1,x26_265
0.37706652,1,x26_266
0.47481042,1,x26_267
0.36859798,1,x26_268
0.36979592,1,x26_269
0.3141487,1,x26_270
0.35826245,1,x26_271
0.5826102,1,x26_272
0.31891888,1,x26_273
0.52684027,1,x26_274
0.42784196,1,x26_275
0.052186616,1,x26_276
0.3186252,1,x26_277
0.04028406,1,x26_278
0.1969327,1,x26_279
0.0474232,1,x26_280
0.75422984,1,x26_281
0.59939814,1,x26_282
0.6667277,1,x26_283
0.13482927,1,x26_284
0.53944343,1,x26_285
0.60045624,1,x26_286
0.38313594,1,x26_287
0.67337525,1,x26_288
0.71572554,1,x26_289
0.64111924,1,x26_290
0.45447257,1,x26_291
0.7433848,1,x26_292
0.6882421,1,x26_293
0.7642828,1,x26_294
0.664826,1,x26_295
0.7376369,1,x26_296
0.6720594,1,x26_297
0.63544834,1,x26_298
0.5271939,1,x26_299
0.04295429,1,x26_317
0.29908082,1,x26_318
0.7991532,1,x26_319
0.6018192,1,x26_320
0.69575536,1,x26_321
0.43451098,1,x26_322
0.43665445,1,x26_323
0.51661617,1,x26_324
0.4859852,1,x26_325
0.6261352,1,x26_326
0.052157495,1,x26_327
0.79871666,1,x26_328
0.6809455,1,x26_329
0.07784289,1,x26_330
0.53823245,1,x26_331
0.7633724,1,x26_332
0.36049253,1,x26_333
0.33324736,1,x26_334
0.43743354,1,x26_335
0.7810559,1,x26_336
0.57083607,1,x26_337
0.6873684,1,x26_338
0.72643554,1,x26_339
0.52604675,1,x26_340
0.59909606,1,x26_341
0.63066363,1,x26_342
0.41875657,1,x26_343
0.44316724,1,x26_344
0.49472016,1,x26_345
0.7805022,1,x26_346
0.65247613,1,x26_347
0.6649045,1,x26_348
0.3728245,1,x26_349
0.7146575,1,x26_350
0.64281225,1,x26_351
0.6113067,1,x26_352
0.6696836,1,x26_353
0.7045427,1,x26_354
0.5377726,1,x26_355
0.47347543,1,x26_356
0.70016223,1,x26_357
0.7924558,1,x26_358
0.59438735,1,x26_359
0.4757511,1,x26_360
0.49616683,1,x26_361
0.57258886,1,x26_362
0.22916071,1,x26_363
0.3580728,1,x26_364
0.7580965,1,x26_365
0.69250274,1,x26_366
0.64013135,1,x26_367
0.65691614,1,x26_368
0.59403354,1,x26_369
0.52898794,1,x26_370
0.6717706,1,x26_371
0.43429133,1,x26_372
0.39059454,1,x26_373
0.7963113,1,x26_374
0.63685834,1,x26_375
0.6358696,1,x26_376
0.48037577,1,x26_377
0.33914632,1,x26_378
0.56584775,1,x26_379
0.56045705,1,x26_380
0.655062,1,x26_381
0.7679289,1,x26_382
0.16812332,1,x26_383
0.4741041,1,x26_384
0.09487689,1,x26_385
0.5013016,1,x26_386
0.5007183,1,x26_387
0.5044548,1,x26_388
0.54515064,1,x26_389
0.43220642,1,x26_390
0.36749473,1,x26_391
0.17754549,1,x26_392
0.7015569,1,x26_393
0.64067054,1,x26_394
0.4358866,1,x26_395
0.78633523,1,x26_396
0.55443317,1,x26_397
0.27706188,1,x26_398
0.71473426,1,x26_399
0.7455315,1,x26_400
0.7576556,1,x26_401
0.7442643,1,x26_402
0.39939836,1,x26_403
0.61418825,1,x26_404
0.73688096,1,x26_405
0.7039155,1,x26_406
0.54339594,1,x26_407
0.73834103,1,x26_408
0.59404004,1,x26_409
0.42072302,1,x26_410
0.3794391,1,x26_411
0.5457288,1,x26_412
0.5862396,1,x26_413
0.479182,1,x26_414
0.061422966,1,x26_415
0.5196844,1,x26_424
0.8021095,1,x26_425
0.7869514,1,x26_426
0.6515052,1,x26_427
0.6806611,1,x26_447
0.4826782,1,x26_448
0.693393,1,x26_449
0.5114448,1,x26_450
0.70853376,1,x26_451
0.60613465,1,x26_452
0.44242325,1,x26_453
0.72677577,1,x26_454
0.63090426,1,x26_455
0.40971997,1,x26_456
0.291031,1,x26_457
0.59770954,1,x26_458
0.5701601,1,x26_459
0.45440504,1,x26_460
0.07087839,1,x26_461
0.46379557,1,x26_462
0.61923456,1,x26_463
0.34410018,1,x26_464
0.23806998,1,x26_465
0.72624934,1,x26_466
0.4967386,1,x26_467
0.6173705,1,x26_468
0.45833007,1,x26_469
0.05732272,1,x26_470
0.44873607,1,x26_471
0.78766876,1,x26_472
0.50014746,1,x26_473
0.4818866,1,x26_474
0.517605,1,x26_475
0.694257,1,x26_476
0.67392546,1,x26_477
0.69952214,1,x26_478
0.68696856,1,x26_479
0.67450875,1,x26_480
0.470372,1,x26_481
0.58507395,1,x26_482
0.07000414,1,x26_483
0.34722424,1,x26_484
0.62587786,1,x26_485
0.51749206,1,x26_486
0.6534864,1,x26_487
0.040229242,1,x26_488
0.68003863,1,x26_489
0.6827744,1,x26_490
0.40325004,1,x26_491
0.38898498,1,x26_492
0.5466303,1,x26_493
0.55633116,1,x26_494
0.48823363,1,x26_495
0.6463331,1,x26_496
0.74473155,1,x26_497
0.36973327,1,x26_498
0.6837828,1,x26_499
0.19806698,1,x26_500
0.3623809,1,x26_501
0.6959388,1,x26_502
0.48175603,1,x26_503
0.2802873,1,x26_504
0.67388636,1,x26_505
0.4990982,1,x26_506
0.5495868,1,x26_507
0.5551616,1,x26_508
0.27615732,1,x26_509
0.4130798,1,x26_510
0.42285478,1,x26_511
0.7489001,1,x26_512
0.5425624,0,x26_0
0.734853,0,x26_1
0.061181694,0,x26_10
0.47010228,0,x26_11
0.12730412,0,x26_12
0.047646496,0,x26_13
0.04321845,0,x26_14
0.045295592,0,x26_15
0.0434051,0,x26_2
0.04126003,0,x26_22
0.048800815,0,x26_23
0.037628334,0,x26_24
0.31967625,0,x26_25
0.040088557,0,x26_26
0.03908868,0,x26_27
0.04098553,0,x26_28
0.03837256,0,x26_29
0.20475455,0,x26_3
0.047896527,0,x26_30
0.03804321,0,x26_31
0.7134916,0,x26_32
0.5624049,0,x26_33
0.043950938,0,x26_34
0.2291001,0,x26_35
0.047046117,0,x26_36
0.058372468,0,x26_37
0.8006821,0,x26_38
0.11008627,0,x26_39
0.21600866,0,x26_4
0.04369048,0,x26_40
0.60185283,0,x26_41
0.05984519,0,x26_42
0.057570167,0,x26_43
0.5866391,0,x26_44
0.04361902,0,x26_45
0.052993786,0,x26_46
0.54850405,0,x26_47
0.44910243,0,x26_48
0.18434592,0,x26_5
0.66560066,0,x26_6
0.29141578,0,x26_7
0.07205731,0,x26_8
0.12856933,0,x26_9
0.05780378,0,x26_104
0.053593423,0,x26_105
0.6378518,0,x26_106
0.3697176,0,x26_129
0.043458194,0,x26_130
0.59895176,0,x26_131
0.59273505,0,x26_132
0.04204628,0,x26_133
0.49444264,0,x26_134
0.043834683,0,x26_135
0.687685,0,x26_136
0.37030476,0,x26_137
0.033680625,0,x26_138
0.37703696,0,x26_139
0.51594776,0,x26_140
0.35256296,0,x26_141
0.0405004,0,x26_142
0.2871837,0,x26_143
0.26338395,0,x26_144
0.6069065,0,x26_145
0.61049414,0,x26_146
0.31961095,0,x26_147
0.5796679,0,x26_148
0.032983605,0,x26_149
0.40202844,0,x26_150
0.03267835,0,x26_151
0.6241766,0,x26_152
0.52297795,0,x26_153
0.03380646,0,x26_154
0.5928965,0,x26_155
0.03482983,0,x26_156
0.039622452,0,x26_157
0.33604982,0,x26_158
0.034456052,0,x26_159
0.38820377,0,x26_160
0.42807516,0,x26_161
0.03810318,0,x26_162
0.58285254,0,x26_163
0.13306458,0,x26_164
0.13487166,0,x26_165
0.20224099,0,x26_175
0.03826867,0,x26_176
0.039817747,0,x26_177
0.043952078,0,x26_178
0.57169634,0,x26_179
0.31414315,0,x26_180
0.06253991,0,x26_181
0.3947558,0,x26_185
0.30320597,0,x26_186
0.04406842,0,x26_187
0.3596999,0,x26_188
0.4878575,0,x26_189
0.126692,0,x26_190
0.45845982,0,x26_194
0.6437586,0,x26_195
0.58702266,0,x26_196
0.042684678,0,x26_197
0.31558812,0,x26_198
0.55940866,0,x26_199
0.6372947,0,x26_200
0.04344379,0,x26_201
0.1527105,0,x26_202
0.62856025,0,x26_203
0.55471754,0,x26_204
0.03639395,0,x26_205
0.5402183,0,x26_206
0.55936176,0,x26_207
0.07791741,0,x26_208
0.45313975,0,x26_209
0.09282591,0,x26_210
0.29938257,0,x26_211
0.23514174,0,x26_212
0.04743576,0,x26_213
0.20564058,0,x26_214
0.5926929,0,x26_215
0.26413786,0,x26_216
0.569,0,x26_217
0.17550573,0,x26_218
0.4318107,0,x26_255
0.2822689,0,x26_256
0.6010777,0,x26_257
0.5004398,0,x26_258
0.041523714,0,x26_300
0.671694,0,x26_301
0.49548152,0,x26_302
0.054569356,0,x26_303
0.071014,0,x26_304
0.06072957,0,x26_305
0.5443999,0,x26_306
0.8053793,0,x26_307
0.08766844,0,x26_308
0.7695469,0,x26_309
0.46771187,0,x26_310
0.51646763,0,x26_311
0.48088083,0,x26_312
0.5177032,0,x26_313
0.066765636,0,x26_314
0.772044,0,x26_315
0.6011322,0,x26_316
0.5095075,0,x26_416
0.07393095,0,x26_417
0.44442102,0,x26_418
0.5849947,0,x26_419
0.065018676,0,x26_420
0.12729357,0,x26_421
0.5514282,0,x26_422
0.3700473,0,x26_423
0.48106313,0,x26_428
0.048956648,0,x26_429
0.119440906,0,x26_430
0.45966622,0,x26_431
0.3414199,0,x26_432
0.42130917,0,x26_433
0.5497085,0,x26_434
0.1606565,0,x26_435
0.04997446,0,x26_436
0.50529474,0,x26_437
0.27029863,0,x26_438
0.5109698,0,x26_439
0.089458115,0,x26_440
0.054699257,0,x26_441
0.5936475,0,x26_442
0.5075031,0,x26_443
0.0713963,0,x26_444
0.313991,0,x26_445
0.77135736,0,x26_446
0.43126783,0,x26_513
0.05512863,0,x26_514
0.57555157,0,x26_515
0.4076469,0,x26_516
0.5285391,0,x26_517
0.046746723,0,x26_518
0.7614054,0,x26_519
0.72235084,1,x27_10
0.20523506,1,x27_13
0.07707039,1,x27_14
0.70707035,1,x27_15
0.07839436,1,x27_16
0.056907438,1,x27_17
0.58177835,1,x27_18
0.27242294,1,x27_19
0.059754446,1,x27_2
0.058799222,1,x27_20
0.27415296,1,x27_21
0.6425537,1,x27_22
0.058276795,1,x27_23
0.49031168,1,x27_24
0.12935157,1,x27_25
0.06935777,1,x27_26
0.65656495,1,x27_27
0.6849142,1,x27_28
0.63002217,1,x27_29
0.522702,1,x27_3
0.73264396,1,x27_30
0.6718568,1,x27_31
0.81029296,1,x27_32
0.75546366,1,x27_33
0.56969374,1,x27_34
0.12256631,1,x27_35
0.13556224,1,x27_36
0.30747008,1,x27_37
0.73368114,1,x27_38
0.57802266,1,x27_39
0.12157007,1,x27_4
0.23102148,1,x27_40
0.73186725,1,x27_41
0.6042407,1,x27_42
0.70998496,1,x27_43
0.7966787,1,x27_44
0.67955405,1,x27_45
0.6639165,1,x27_46
0.7539392,1,x27_47
0.6906598,1,x27_48
0.6178111,1,x27_49
0.28264827,1,x27_5
0.7923703,1,x27_50
0.79881227,1,x27_51
0.69187284,1,x27_52
0.72353,1,x27_53
0.50061315,1,x27_54
0.6783435,1,x27_55
0.7218682,1,x27_56
0.7958183,1,x27_57
0.60366,1,x27_58
0.7530143,1,x27_59
0.3415402,1,x27_6
0.36926863,1,x27_7
0.31589913,1,x27_8
0.061314847,1,x27_9
0.77672035,1,x27_100
0.76762575,1,x27_101
0.63064563,1,x27_102
0.7989429,1,x27_103
0.5622104,1,x27_104
0.07988605,1,x27_105
0.3443097,1,x27_106
0.25187305,1,x27_111
0.6888079,1,x27_112
0.5259853,1,x27_113
0.70298725,1,x27_114
0.5594494,1,x27_115
0.7133819,1,x27_116
0.6639365,1,x27_117
0.36888412,1,x27_118
0.7688843,1,x27_119
0.79955786,1,x27_60
0.80204535,1,x27_61
0.56245804,1,x27_62
0.7661346,1,x27_63
0.7299886,1,x27_64
0.7884735,1,x27_65
0.79493076,1,x27_66
0.788422,1,x27_67
0.7850327,1,x27_68
0.6261746,1,x27_69
0.57537615,1,x27_70
0.7969669,1,x27_71
0.80250514,1,x27_72
0.7944059,1,x27_73
0.7932874,1,x27_74
0.75448346,1,x27_75
0.78815764,1,x27_76
0.5154953,1,x27_77
0.7173217,1,x27_78
0.5156569,1,x27_79
0.5384197,1,x27_80
0.46241418,1,x27_81
0.16913486,1,x27_82
0.45773864,1,x27_83
0.561595,1,x27_84
0.79026836,1,x27_85
0.52229875,1,x27_86
0.6758456,1,x27_87
0.6678344,1,x27_88
0.6485596,1,x27_89
0.2917209,1,x27_90
0.63003635,1,x27_91
0.7373144,1,x27_92
0.7218958,1,x27_93
0.7924231,1,x27_94
0.805273,1,x27_95
0.7534856,1,x27_96
0.7566948,1,x27_97
0.511232,1,x27_98
0.59962034,1,x27_99
0.7402678,1,x27_120
0.8009457,1,x27_121
0.5875108,1,x27_122
0.62753546,1,x27_123
0.43287283,1,x27_124
0.09549737,1,x27_125
0.7785374,1,x27_126
0.7649037,1,x27_127
0.72568583,1,x27_128
0.7563713,1,x27_129
0.0603398,1,x27_130
0.54840136,1,x27_131
0.635036,1,x27_132
0.07091416,1,x27_133
0.77235645,1,x27_134
0.80231035,1,x27_135
0.50138605,1,x27_136
0.7795691,1,x27_137
0.77593243,1,x27_138
0.7757429,1,x27_139
0.6633552,1,x27_140
0.74599236,1,x27_141
0.76079756,1,x27_142
0.0985559,1,x27_143
0.61835796,1,x27_144
0.5671211,1,x27_145
0.78899485,1,x27_146
0.66033363,1,x27_147
0.5122179,1,x27_148
0.21224475,1,x27_149
0.3779017,1,x27_150
0.71553713,1,x27_151
0.08319124,1,x27_152
0.060294896,1,x27_153
0.40007532,1,x27_154
0.78527915,1,x27_155
0.7757591,1,x27_156
0.6021656,1,x27_157
0.7805839,1,x27_158
0.7348992,1,x27_159
0.74679995,1,x27_160
0.7939311,1,x27_161
0.7710891,1,x27_162
0.71140677,1,x27_163
0.53617704,1,x27_164
0.7882594,1,x27_165
0.72111833,1,x27_166
0.6961712,1,x27_167
0.7758503,1,x27_168
0.13325348,1,x27_169
0.23063348,1,x27_170
0.5962274,1,x27_171
0.16099125,1,x27_172
0.31881997,1,x27_173
0.64307934,1,x27_174
0.66351455,1,x27_175
0.7413094,1,x27_176
0.5895861,1,x27_177
0.72917235,1,x27_178
0.74634254,1,x27_179
0.65973634,1,x27_180
0.7389838,1,x27_181
0.7968731,1,x27_182
0.8087016,1,x27_183
0.7492008,1,x27_184
0.7746013,1,x27_185
0.7952096,1,x27_186
0.7751768,1,x27_187
0.75981146,1,x27_188
0.75619876,1,x27_189
0.79465675,1,x27_190
0.7659385,1,x27_191
0.78177184,1,x27_192
0.77533346,1,x27_193
0.79384637,1,x27_194
0.8058914,1,x27_195
0.80410296,1,x27_196
0.7872619,1,x27_197
0.7973113,1,x27_198
0.6996569,1,x27_199
0.79986346,1,x27_200
0.7719941,1,x27_201
0.79680705,1,x27_202
0.7333013,1,x27_203
0.77079266,1,x27_204
0.76486194,1,x27_205
0.802627,1,x27_206
0.7642774,1,x27_207
0.8197049,1,x27_208
0.6958327,1,x27_209
0.78916293,1,x27_210
0.79079545,1,x27_211
0.82013065,1,x27_212
0.5624138,1,x27_213
0.81136864,1,x27_214
0.6081084,1,x27_215
0.7679622,1,x27_216
0.6315964,1,x27_217
0.28127578,1,x27_218
0.77718383,1,x27_219
0.80868614,1,x27_220
0.8125731,1,x27_221
0.48021582,1,x27_222
0.73891175,1,x27_223
0.7963267,1,x27_224
0.7249917,1,x27_225
0.07355197,1,x27_228
0.05724758,1,x27_229
0.7884282,1,x27_230
0.72768015,1,x27_231
0.3663208,1,x27_232
0.8037142,1,x27_233
0.68584776,1,x27_234
0.78621346,1,x27_235
0.61194956,1,x27_236
0.73744357,1,x27_237
0.79508865,1,x27_238
0.7744896,1,x27_239
0.7012752,1,x27_240
0.7746473,1,x27_241
0.77074784,1,x27_242
0.77429384,1,x27_243
0.76696646,1,x27_244
0.76320547,1,x27_245
0.4742149,1,x27_246
0.7143371,1,x27_247
0.7184441,1,x27_248
0.7727042,1,x27_249
0.79744244,1,x27_250
0.77557725,1,x27_251
0.79694015,1,x27_252
0.7607679,1,x27_253
0.6317807,1,x27_254
0.75152904,1,x27_255
0.7956237,1,x27_256
0.7489558,1,x27_257
0.80999243,1,x27_258
0.80277896,1,x27_259
0.8083285,1,x27_260
0.6396628,1,x27_261
0.72258973,1,x27_262
0.654704,1,x27_263
0.7360192,1,x27_264
0.7456571,1,x27_265
0.44454712,1,x27_266
0.8242584,1,x27_267
0.6261831,1,x27_268
0.76616114,1,x27_269
0.73969877,1,x27_270
0.78651583,1,x27_271
0.66,1,x27_272
0.77127665,1,x27_273
0.80469215,1,x27_274
0.6185164,1,x27_275
0.6462077,1,x27_276
0.61158085,1,x27_277
0.7055018,1,x27_278
0.68707687,1,x27_279
0.7747196,1,x27_280
0.7558199,1,x27_281
0.6816788,1,x27_282
0.7570522,1,x27_283
0.5708146,1,x27_284
0.72364116,1,x27_285
0.7202583,1,x27_286
0.56069785,1,x27_287
0.77417606,1,x27_288
0.7549049,1,x27_289
0.7984282,1,x27_290
0.7739675,1,x27_291
0.6972322,1,x27_292
0.7839097,1,x27_293
0.77712405,1,x27_294
0.81674623,1,x27_295
0.6552992,1,x27_296
0.6814378,1,x27_297
0.63778085,1,x27_298
0.6539681,1,x27_299
0.8073701,1,x27_300
0.80560875,1,x27_301
0.74126905,1,x27_302
0.64192086,1,x27_303
0.31805062,1,x27_304
0.7446033,1,x27_305
0.6513994,1,x27_306
0.7514354,1,x27_307
0.7071505,1,x27_308
0.6527018,1,x27_309
0.7065721,1,x27_310
0.75670856,1,x27_311
0.789409,1,x27_312
0.66627514,1,x27_313
0.36601773,1,x27_314
0.7671889,1,x27_315
0.6178565,1,x27_316
0.6006099,1,x27_317
0.7773492,1,x27_318
0.74795115,1,x27_319
0.75172883,1,x27_320
0.7403786,1,x27_321
0.4909026,1,x27_322
0.7817896,1,x27_323
0.78734225,1,x27_324
0.7473226,1,x27_325
0.7351867,1,x27_326
0.7458479,1,x27_327
0.6086267,1,x27_328
0.7016633,1,x27_329
0.4497769,1,x27_330
0.797294,1,x27_331
0.70807695,1,x27_332
0.7073069,1,x27_333
0.78583974,1,x27_334
0.7253404,1,x27_335
0.78762895,1,x27_336
0.72654593,1,x27_337
0.814847,1,x27_338
0.62326103,1,x27_339
0.72165614,1,x27_340
0.79827195,1,x27_341
0.7888959,1,x27_342
0.7755945,1,x27_343
0.8191844,1,x27_344
0.7850001,1,x27_345
0.7220738,1,x27_346
0.7408372,1,x27_347
0.56457806,1,x27_348
0.21877441,1,x27_349
0.78427035,1,x27_350
0.18116465,1,x27_351
0.5653355,1,x27_352
0.7669951,1,x27_353
0.71173155,1,x27_354
0.73680013,1,x27_355
0.78943133,1,x27_356
0.7830203,1,x27_357
0.67675036,1,x27_358
0.7984583,1,x27_359
0.7382271,1,x27_360
0.7146082,1,x27_361
0.66999304,1,x27_362
0.62526965,1,x27_363
0.6569233,1,x27_364
0.46786216,1,x27_365
0.80939937,1,x27_366
0.6868019,1,x27_367
0.7198112,1,x27_368
0.6103712,1,x27_369
0.7190646,1,x27_370
0.66347545,1,x27_371
0.6252556,1,x27_372
0.69044733,1,x27_373
0.5489841,1,x27_374
0.73453385,1,x27_375
0.79681474,1,x27_376
0.8044358,1,x27_377
0.7502187,1,x27_378
0.80141693,1,x27_379
0.7921653,1,x27_380
0.8087231,1,x27_381
0.67856306,1,x27_382
0.7536756,1,x27_383
0.76775956,1,x27_384
0.73706234,1,x27_385
0.8031288,1,x27_386
0.79560184,1,x27_387
0.7309219,1,x27_388
0.75825995,1,x27_389
0.7917451,1,x27_390
0.7382068,1,x27_391
0.7910735,1,x27_392
0.7580565,1,x27_393
0.80815786,1,x27_394
0.80538774,1,x27_395
0.6604431,1,x27_396
0.677518,1,x27_397
0.73660237,1,x27_398
0.7637945,1,x27_399
0.6902433,1,x27_400
0.7986503,1,x27_401
0.7407794,1,x27_402
0.700525,1,x27_403
0.7053807,1,x27_404
0.6839509,1,x27_405
0.6286083,1,x27_406
0.6861465,1,x27_407
0.73686713,1,x27_408
0.801344,1,x27_409
0.4024406,1,x27_410
0.64790064,1,x27_411
0.6313899,1,x27_412
0.73332506,1,x27_413
0.80809844,1,x27_414
0.8029305,1,x27_415
0.79805917,1,x27_416
0.81139,1,x27_417
0.679932,1,x27_418
0.5387867,1,x27_419
0.66884136,1,x27_420
0.6355187,1,x27_421
0.7506277,1,x27_422
0.7185326,1,x27_423
0.65125984,1,x27_424
0.08074746,1,x27_425
0.7499474,1,x27_426
0.7690127,1,x27_427
0.77063155,1,x27_428
0.77072996,1,x27_429
0.6644623,1,x27_430
0.6321122,1,x27_431
0.39957172,1,x27_432
0.76896757,1,x27_433
0.73170936,1,x27_434
0.3563382,1,x27_435
0.41511592,1,x27_436
0.68778765,1,x27_437
0.55719113,1,x27_438
0.3619021,1,x27_439
0.13180815,1,x27_440
0.65634114,1,x27_441
0.43900433,1,x27_442
0.3439265,1,x27_443
0.7020444,1,x27_444
0.7638893,1,x27_445
0.7484895,1,x27_446
0.28107113,1,x27_447
0.40017536,1,x27_448
0.75127625,1,x27_449
0.68635315,1,x27_450
0.5419778,1,x27_451
0.80052114,1,x27_452
0.80130255,1,x27_453
0.7964095,1,x27_454
0.81743294,1,x27_455
0.6985938,1,x27_456
0.8021521,1,x27_457
0.80220705,1,x27_458
0.7681725,1,x27_459
0.76036125,1,x27_460
0.7514277,1,x27_461
0.8038992,1,x27_462
0.74460196,1,x27_463
0.7908008,1,x27_464
0.80556595,1,x27_465
0.8074992,1,x27_466
0.625566,1,x27_467
0.79786986,1,x27_468
0.79236215,1,x27_469
0.7060726,1,x27_470
0.7814181,1,x27_471
0.8113412,1,x27_472
0.7611174,1,x27_473
0.77152956,1,x27_474
0.785112,1,x27_475
0.7809232,1,x27_476
0.66048884,1,x27_477
0.69251174,1,x27_478
0.6584366,1,x27_479
0.69128937,1,x27_480
0.67416275,1,x27_481
0.747936,1,x27_482
0.7275971,1,x27_484
0.587885,1,x27_485
0.082015716,1,x27_486
0.25260672,1,x27_487
0.47586825,1,x27_488
0.069829226,1,x27_489
0.11036871,1,x27_490
0.20870484,1,x27_491
0.28773332,1,x27_492
0.56978244,1,x27_493
0.42397016,1,x27_494
0.7182796,1,x27_495
0.19652793,1,x27_496
0.60000193,1,x27_497
0.062287744,0,x27_0
0.07673987,0,x27_1
0.15124892,0,x27_11
0.6731636,0,x27_12
0.07090769,0,x27_107
0.059664533,0,x27_108
0.13287917,0,x27_109
0.54274094,0,x27_110
0.7363871,0,x27_226
0.12095096,0,x27_227
0.2712967,0,x27_483
0.19708234,1,x28_10
0.78840595,1,x28_11
0.7825063,1,x28_12
0.827704,1,x28_13
0.6022132,1,x28_14
0.63410413,1,x28_16
0.7864788,1,x28_17
0.772829,1,x28_18
0.8002869,1,x28_19
0.5419024,1,x28_20
0.47864777,1,x28_21
0.66929334,1,x28_22
0.63084024,1,x28_23
0.251863,1,x28_24
0.77131504,1,x28_25
0.48135886,1,x28_26
0.70317096,1,x28_27
0.5630417,1,x28_28
0.70205885,1,x28_29
0.78953683,1,x28_30
0.73422366,1,x28_31
0.6003821,1,x28_32
0.661238,1,x28_33
0.093915954,1,x28_34
0.68342716,1,x28_35
0.12919801,1,x28_36
0.2808806,1,x28_37
0.5009105,1,x28_38
0.68760955,1,x28_39
0.56857055,1,x28_40
0.18497492,1,x28_41
0.5360989,1,x28_42
0.575102,1,x28_43
0.4306152,1,x28_44
0.629014,1,x28_45
0.80661243,1,x28_46
0.5392482,1,x28_47
0.7587029,1,x28_48
0.7332925,1,x28_49
0.791217,1,x28_50
0.70102,1,x28_51
0.17658179,1,x28_52
0.727252,1,x28_53
0.74606276,1,x28_54
0.6650088,1,x28_55
0.18338865,1,x28_56
0.45056897,1,x28_57
0.18444276,1,x28_58
0.80874366,1,x28_59
0.5116068,1,x28_9
0.7953633,1,x28_100
0.80136764,1,x28_101
0.8005335,1,x28_102
0.7431832,1,x28_103
0.77635187,1,x28_104
0.8001531,1,x28_105
0.7337999,1,x28_106
0.68850887,1,x28_107
0.78896254,1,x28_108
0.78638923,1,x28_109
0.73782784,1,x28_110
0.8142329,1,x28_111
0.723903,1,x28_112
0.7730226,1,x28_113
0.7866645,1,x28_114
0.791219,1,x28_115
0.79703426,1,x28_116
0.7977168,1,x28_117
0.79373604,1,x28_118
0.73017496,1,x28_119
0.80480933,1,x28_60
0.8045334,1,x28_61
0.7723716,1,x28_62
0.7970961,1,x28_63
0.80616844,1,x28_64
0.7568216,1,x28_65
0.8105848,1,x28_66
0.81367993,1,x28_67
0.8023392,1,x28_68
0.7970507,1,x28_69
0.7795332,1,x28_70
0.7285063,1,x28_71
0.64861906,1,x28_72
0.7914547,1,x28_73
0.77526855,1,x28_74
0.82190144,1,x28_75
0.80620724,1,x28_76
0.7546425,1,x28_77
0.7838997,1,x28_78
0.7468002,1,x28_79
0.70497614,1,x28_80
0.79163843,1,x28_81
0.7928764,1,x28_82
0.78965056,1,x28_83
0.78646743,1,x28_84
0.79972744,1,x28_85
0.81013066,1,x28_86
0.81003195,1,x28_87
0.76837784,1,x28_88
0.63456124,1,x28_89
0.7719055,1,x28_90
0.78039914,1,x28_91
0.6569062,1,x28_92
0.80516666,1,x28_93
0.77009296,1,x28_94
0.7759081,1,x28_95
0.73790973,1,x28_96
0.4988955,1,x28_97
0.79615283,1,x28_98
0.6807991,1,x28_99
0.7199791,1,x28_120
0.7616962,1,x28_121
0.7692557,1,x28_122
0.8090118,1,x28_123
0.80218107,1,x28_124
0.8023792,1,x28_125
0.76687235,1,x28_126
0.7923529,1,x28_127
0.7599365,1,x28_128
0.78158647,1,x28_129
0.75716674,1,x28_130
0.77307194,1,x28_131
0.76140857,1,x28_132
0.77926284,1,x28_133
0.76561,1,x28_134
0.7926314,1,x28_135
0.77377015,1,x28_136
0.7908346,1,x28_137
0.5746288,1,x28_138
0.7988031,1,x28_139
0.8041952,1,x28_140
0.8022634,1,x28_141
0.7793104,1,x28_142
0.70053256,1,x28_143
0.73108226,1,x28_144
0.75322485,1,x28_145
0.78514916,1,x28_146
0.7587206,1,x28_147
0.7899102,1,x28_148
0.79675865,1,x28_149
0.7840122,1,x28_150
0.77052444,1,x28_151
0.7842395,1,x28_152
0.8065794,1,x28_153
0.79813135,1,x28_154
0.75649554,1,x28_155
0.65395606,1,x28_156
0.7803586,1,x28_157
0.7952415,1,x28_158
0.8059052,1,x28_159
0.7843417,1,x28_160
0.8193947,1,x28_161
0.7899001,1,x28_162
0.652178,1,x28_163
0.5104153,1,x28_164
0.7106088,1,x28_165
0.8053534,1,x28_166
0.78756696,1,x28_167
0.7940243,1,x28_168
0.7615854,1,x28_169
0.60346633,1,x28_170
0.13972706,1,x28_173
0.10583123,1,x28_174
0.8163238,1,x28_175
0.80207294,1,x28_176
0.47997233,1,x28_177
0.64506435,1,x28_178
0.65449965,1,x28_179
0.76351666,1,x28_180
0.8134977,1,x28_181
0.7887863,1,x28_182
0.78295475,1,x28_183
0.75544304,1,x28_184
0.80711424,1,x28_185
0.7702671,1,x28_186
0.810594,1,x28_187
0.8059377,1,x28_188
0.8023261,1,x28_189
0.8047553,1,x28_190
0.80031157,1,x28_191
0.7477788,1,x28_192
0.82554144,1,x28_194
0.7741653,1,x28_195
0.8125855,1,x28_196
0.8047385,1,x28_197
0.77297086,1,x28_198
0.8035991,1,x28_199
0.7337814,1,x28_200
0.5275178,1,x28_201
0.8047518,1,x28_203
0.78628397,1,x28_204
0.81472117,1,x28_205
0.7478789,1,x28_206
0.79822385,1,x28_207
0.8040493,1,x28_208
0.7885919,1,x28_209
0.75460213,1,x28_210
0.8041231,1,x28_211
0.7761787,1,x28_212
0.7716396,1,x28_213
0.7901393,1,x28_214
0.81453055,1,x28_215
0.8143748,1,x28_216
0.8048264,1,x28_217
0.7711938,1,x28_218
0.796867,1,x28_219
0.4729791,1,x28_220
0.8106105,1,x28_221
0.7781018,1,x28_222
0.8080894,1,x28_223
0.77407783,1,x28_224
0.7949269,1,x28_225
0.8158022,1,x28_226
0.78390104,1,x28_227
0.7573269,1,x28_228
0.78586733,1,x28_229
0.5883408,1,x28_230
0.09433567,1,x28_235
0.07200361,1,x28_236
0.56412375,1,x28_237
0.18628974,1,x28_238
0.2854821,1,x28_239
0.6624095,1,x28_240
0.1577887,1,x28_241
0.090114295,1,x28_242
0.39622647,1,x28_243
0.79735565,1,x28_244
0.23666775,1,x28_245
0.734663,1,x28_246
0.24878532,1,x28_249
0.7999728,1,x28_250
0.66398746,1,x28_251
0.63004047,1,x28_254
0.8037159,1,x28_255
0.6502682,1,x28_256
0.43337628,1,x28_257
0.0802118,1,x28_258
0.112703025,1,x28_259
0.6750224,1,x28_260
0.4338729,1,x28_261
0.67256254,1,x28_262
0.5639111,1,x28_263
0.20509714,1,x28_264
0.43173847,1,x28_265
0.13757975,1,x28_266
0.5509457,1,x28_269
0.28861168,1,x28_270
0.3686422,1,x28_271
0.5921869,1,x28_273
0.09149931,1,x28_274
0.06321036,1,x28_275
0.24486028,1,x28_276
0.5851535,1,x28_277
0.4165547,1,x28_278
0.14057899,1,x28_279
0.5566206,1,x28_280
0.7618012,1,x28_289
0.6919822,1,x28_290
0.11635253,1,x28_291
0.0641045,1,x28_292
0.15521248,1,x28_293
0.6251077,1,x28_294
0.8310764,1,x28_295
0.82490134,1,x28_296
0.80708504,1,x28_297
0.8001564,1,x28_298
0.7761406,1,x28_299
0.66536164,1,x28_300
0.8370719,1,x28_301
0.8044498,1,x28_302
0.79022646,1,x28_303
0.74533254,1,x28_304
0.7979392,1,x28_305
0.8129778,1,x28_306
0.8151452,1,x28_307
0.81255627,1,x28_308
0.7810433,1,x28_309
0.7773542,1,x28_310
0.7710354,1,x28_311
0.7943897,1,x28_312
0.78046715,1,x28_313
0.7949232,1,x28_314
0.769238,1,x28_315
0.80574065,1,x28_316
0.80889636,1,x28_317
0.80243224,1,x28_318
0.78896743,1,x28_319
0.70416206,1,x28_320
0.7976953,1,x28_321
0.7818472,1,x28_322
0.78560686,1,x28_323
0.7571626,1,x28_324
0.73059577,1,x28_325
0.7851345,1,x28_326
0.7956576,1,x28_327
0.7253317,1,x28_328
0.80423266,1,x28_329
0.8136465,1,x28_330
0.8022791,1,x28_331
0.8004446,1,x28_332
0.6780796,1,x28_333
0.808411,1,x28_334
0.81408036,1,x28_335
0.8137203,1,x28_336
0.76060206,1,x28_337
0.792832,1,x28_338
0.7760287,1,x28_339
0.75914794,1,x28_340
0.7907017,1,x28_341
0.79567957,1,x28_342
0.7991637,1,x28_343
0.8163816,1,x28_344
0.8067246,1,x28_345
0.7831113,1,x28_346
0.7996729,1,x28_347
0.8124512,1,x28_348
0.7622498,1,x28_349
0.82243365,1,x28_350
0.7043208,1,x28_351
0.7788699,1,x28_352
0.7727567,1,x28_353
0.7232374,1,x28_354
0.7821447,1,x28_355
0.75270516,1,x28_356
0.78131974,1,x28_357
0.79347616,1,x28_358
0.7561117,1,x28_359
0.73142767,1,x28_360
0.7562631,1,x28_361
0.78686094,1,x28_362
0.7494866,1,x28_363
0.78419936,1,x28_364
0.72076094,1,x28_365
0.8124724,1,x28_366
0.8150794,1,x28_367
0.7787451,1,x28_368
0.7907553,1,x28_369
0.75306183,1,x28_370
0.7648397,1,x28_371
0.7974811,1,x28_372
0.7815912,1,x28_373
0.8017131,1,x28_374
0.7525521,1,x28_375
0.7648348,1,x28_376
0.6479677,1,x28_377
0.6520368,1,x28_378
0.6576295,1,x28_379
0.77831304,1,x28_380
0.7723829,1,x28_381
0.39426836,1,x28_382
0.77972376,1,x28_384
0.7650061,1,x28_385
0.7666782,1,x28_386
0.7958185,1,x28_387
0.8109225,1,x28_388
0.6431889,1,x28_389
0.63089377,1,x28_390
0.13005817,1,x28_394
0.7741646,1,x28_395
0.13672042,1,x28_398
0.78490937,1,x28_399
0.28691924,1,x28_425
0.7739763,1,x28_426
0.5495845,1,x28_427
0.60940415,1,x28_428
0.51585805,1,x28_430
0.17868179,1,x28_431
0.7589249,1,x28_432
0.28669897,1,x28_433
0.19749263,1,x28_434
0.5632794,1,x28_435
0.108211294,1,x28_436
0.5956131,1,x28_437
0.42248595,1,x28_440
0.4435808,1,x28_441
0.74084544,1,x28_442
0.8243509,1,x28_443
0.80304897,1,x28_444
0.815484,1,x28_445
0.7787917,1,x28_446
0.8119897,1,x28_447
0.811138,1,x28_448
0.81236154,1,x28_449
0.7968619,1,x28_450
0.81046855,1,x28_451
0.7966306,1,x28_452
0.7991057,1,x28_453
0.80447364,1,x28_454
0.81861514,1,x28_455
0.76680386,1,x28_456
0.796684,1,x28_457
0.8013487,1,x28_458
0.81417006,1,x28_459
0.74397737,1,x28_460
0.8149188,1,x28_461
0.80922574,1,x28_462
0.80603415,1,x28_463
0.8013376,1,x28_464
0.78213066,1,x28_465
0.7926602,1,x28_466
0.5570466,1,x28_467
0.7961751,1,x28_468
0.78766096,1,x28_469
0.69403267,1,x28_470
0.798399,1,x28_471
0.5946038,1,x28_472
0.79249805,1,x28_474
0.73169684,1,x28_475
0.8002347,1,x28_476
0.79941946,1,x28_477
0.77160424,1,x28_478
0.77150744,1,x28_479
0.79762053,1,x28_480
0.8022729,1,x28_481
0.8085809,1,x28_482
0.7970515,1,x28_483
0.79077154,1,x28_484
0.80227345,1,x28_485
0.39331284,1,x28_486
0.73697615,1,x28_489
0.5801784,1,x28_490
0.81013876,1,x28_491
0.079495,1,x28_492
0.08515891,1,x28_493
0.6733401,0,x28_15
0.8197371,0,x28_171
0.66684407,0,x28_172
0.6069124,0,x28_193
0.23559959,0,x28_202
0.5638332,0,x28_231
0.292051,0,x28_232
0.55777234,0,x28_233
0.04191607,0,x28_234
0.5320808,0,x28_247
0.41020757,0,x28_248
0.39517367,0,x28_252
0.41857812,0,x28_253
0.08587585,0,x28_267
0.45331207,0,x28_268
0.32581553,0,x28_272
0.4363959,0,x28_281
0.7700468,0,x28_282
0.6166349,0,x28_283
0.52446157,0,x28_284
0.4454313,0,x28_285
0.19201496,0,x28_286
0.43437433,0,x28_287
0.232684,0,x28_288
0.6845886,0,x28_383
0.28176677,0,x28_391
0.41053855,0,x28_392
0.5875175,0,x28_393
0.7413984,0,x28_396
0.34750825,0,x28_397
0.6089359,0,x28_400
0.59593976,0,x28_401
0.24895829,0,x28_402
0.10040483,0,x28_403
0.28185642,0,x28_404
0.8027598,0,x28_405
0.21776958,0,x28_406
0.6734972,0,x28_407
0.663928,0,x28_408
0.116624266,0,x28_409
0.08002305,0,x28_410
0.13512823,0,x28_411
0.58263576,0,x28_412
0.10972367,0,x28_413
0.63241583,0,x28_414
0.2316983,0,x28_415
0.6632251,0,x28_416
0.67814225,0,x28_417
0.5990058,0,x28_418
0.12749574,0,x28_419
0.5260573,0,x28_420
0.31147614,0,x28_421
0.29911932,0,x28_422
0.081643194,0,x28_423
0.10345614,0,x28_424
0.7590472,0,x28_429
0.24626222,0,x28_438
0.15824474,0,x28_439
0.747846,0,x28_473
0.71585304,0,x28_487
0.4808469,0,x28_488
0.25172916,0,x28_494
0.09136005,0,x29_10
0.5665592,0,x29_11
0.57926,0,x29_12
0.6241756,0,x29_13
0.5158681,0,x29_14
0.13894176,0,x29_15
0.56266546,0,x29_16
0.63910264,0,x29_17
0.5809587,0,x29_18
0.27124855,0,x29_19
0.6039797,0,x29_2
0.048908345,0,x29_20
0.727669,0,x29_21
0.7489184,0,x29_22
0.4851969,0,x29_23
0.4905103,0,x29_24
0.60560066,0,x29_25
0.5399862,0,x29_26
0.633209,0,x29_27
0.69136345,0,x29_28
0.111587875,0,x29_29
0.21307868,0,x29_30
0.470014,0,x29_31
0.3441451,0,x29_32
0.5127193,0,x29_33
0.39367086,0,x29_34
0.53467095,0,x29_35
0.7276166,0,x29_36
0.52191716,0,x29_37
0.69322044,0,x29_38
0.47837907,0,x29_39
0.6131031,0,x29_4
0.76834035,0,x29_40
0.7114047,0,x29_41
0.4361124,0,x29_42
0.38664705,0,x29_43
0.43113506,0,x29_44
0.52427804,0,x29_45
0.08989017,0,x29_46
0.12537214,0,x29_47
0.06449071,0,x29_48
0.6540162,0,x29_49
0.8004803,0,x29_5
0.06041504,0,x29_50
0.31124797,0,x29_51
0.07264554,0,x29_52
0.05394581,0,x29_53
0.2141882,0,x29_54
0.1674925,0,x29_55
0.08251354,0,x29_56
0.5951773,0,x29_57
0.049146917,0,x29_58
0.49433458,0,x29_59
0.386867,0,x29_7
0.767161,0,x29_8
0.20945042,0,x29_9
0.35526866,0,x29_100
0.066808775,0,x29_101
0.06313766,0,x29_102
0.44684875,0,x29_103
0.08374198,0,x29_104
0.089250125,0,x29_105
0.43862584,0,x29_106
0.04764182,0,x29_107
0.047852077,0,x29_108
0.06617255,0,x29_109
0.059449747,0,x29_110
0.047317892,0,x29_111
0.33032587,0,x29_112
0.08198492,0,x29_113
0.593993,0,x29_114
0.39802182,0,x29_115
