label,prob,seg
0,0.013984481,c03_452
0,0.012833816,c03_453
0,0.002142666,c03_46
0,0.0023820854,c03_47
0,0.0043460694,c03_48
0,0.0026464902,c03_49
0,0.0019620154,c03_5
0,0.0023760772,c03_50
0,0.002710991,c03_51
0,0.0025394992,c03_52
0,0.003249582,c03_53
0,0.0026237844,c03_54
0,0.0023865146,c03_55
0,0.10082106,c03_56
0,0.002156839,c03_57
0,0.0034446563,c03_58
0,0.0028903063,c03_59
0,0.0431509,c03_6
0,0.0031653652,c03_60
0,0.002307223,c03_61
0,0.0025229407,c03_62
0,0.0025888137,c03_63
0,0.0022674026,c03_64
0,0.0024048048,c03_65
0,0.0028346288,c03_66
0,0.0022880414,c03_67
0,0.0021807046,c03_68
0,0.0030588328,c03_69
0,0.003981701,c03_7
0,0.0022914044,c03_70
0,0.0026003567,c03_71
0,0.0023070825,c03_72
0,0.0022821906,c03_73
0,0.002358129,c03_74
0,0.002604498,c03_75
0,0.0028780825,c03_76
0,0.0021058845,c03_77
0,0.0023468449,c03_78
0,0.0023406302,c03_79
0,0.0035693676,c03_8
0,0.0046985038,c03_80
0,0.0024410798,c03_81
0,0.0031612588,c03_82
0,0.0477888,c03_83
0,0.023216153,c03_84
0,0.06453971,c03_85
0,0.0041179643,c03_86
0,0.044409044,c03_87
0,0.014540745,c03_88
0,0.0032332023,c03_89
0,0.0033948098,c03_9
0,0.004215092,c03_90
0,0.0035825043,c03_91
0,0.0027601463,c03_92
0,0.0033022559,c03_93
0,0.0032366046,c03_94
0,0.0027336716,c03_95
0,0.004237209,c03_96
0,0.00481241,c03_97
0,0.004361794,c03_98
0,0.004068665,c03_99
0,0.002513483,c04_100
0,0.0024633538,c04_101
0,0.004408834,c04_102
0,0.004384234,c04_103
0,0.003842781,c04_104
0,0.0029479824,c04_105
0,0.0026284093,c04_106
0,0.0025243114,c04_107
0,0.003587202,c04_108
0,0.0028782713,c04_109
0,0.0026458926,c04_110
0,0.0028758033,c04_111
0,0.0026539906,c04_112
0,0.0027815574,c04_113
0,0.004551108,c04_114
0,0.0031782829,c04_115
0,0.0026955698,c04_116
0,0.0022675043,c04_117
0,0.00327341,c04_118
0,0.0027305565,c04_119
0,0.0018839095,c04_120
0,0.008035464,c04_121
0,0.0022424795,c04_122
0,0.003491707,c04_123
0,0.002623126,c04_124
0,0.0037469724,c04_125
0,0.002338749,c04_126
0,0.0039713886,c04_127
0,0.0032443316,c04_128
0,0.0032677613,c04_129
0,0.12839346,c04_13
0,0.0041479296,c04_130
0,0.0039294753,c04_131
0,0.004135344,c04_132
0,0.0038092989,c04_133
0,0.0034007195,c04_134
0,0.0030985435,c04_135
0,0.003614239,c04_136
0,0.0048407763,c04_137
0,0.007796728,c04_138
0,0.0036177489,c04_139
0,0.27759516,c04_14
0,0.0032995609,c04_140
0,0.0025827372,c04_141
0,0.002668058,c04_142
0,0.00574102,c04_143
0,0.00769655,c04_144
0,0.0040882155,c04_145
0,0.006775126,c04_146
0,0.005023361,c04_147
0,0.0031475618,c04_148
0,0.0048694294,c04_149
0,0.0028118026,c04_150
0,0.009397481,c04_151
0,0.0035474116,c04_152
0,0.034777913,c04_153
0,0.056234915,c04_154
0,0.0027957214,c04_155
0,0.0030961744,c04_156
0,0.006044407,c04_157
0,0.003941116,c04_158
0,0.0033610957,c04_159
0,0.006294052,c04_160
0,0.003397889,c04_161
0,0.005069569,c04_162
0,0.0022871885,c04_163
0,0.0035634332,c04_164
0,0.007990794,c04_165
0,0.0023588617,c04_166
0,0.004211873,c04_167
0,0.0047016847,c04_168
0,0.003893517,c04_169
0,0.003359949,c04_170
0,0.0038936017,c04_171
0,0.0043174545,c04_172
0,0.0020717198,c04_173
0,0.0046317163,c04_174
0,0.0021489104,c04_175
0,0.002496589,c04_176
0,0.0025029916,c04_177
0,0.0023292091,c04_178
0,0.0021151286,c04_179
0,0.17679496,c04_18
0,0.0020579933,c04_180
0,0.00277936,c04_181
0,0.006145371,c04_182
0,0.0022763633,c04_183
0,0.002999923,c04_184
0,0.0023281015,c04_185
0,0.0023084506,c04_186
0,0.0031192224,c04_187
0,0.0044916477,c04_188
0,0.0019478239,c04_189
0,0.4604926,c04_19
0,0.0025317518,c04_190
0,0.0049850885,c04_191
0,0.0038543018,c04_192
0,0.004198329,c04_193
0,0.0026865015,c04_194
0,0.0050424086,c04_195
0,0.002768957,c04_196
0,0.0064047375,c04_197
0,0.0021434748,c04_198
0,0.0047334456,c04_199
0,0.22280367,c04_20
0,0.002135969,c04_200
0,0.0045917314,c04_201
0,0.0023077247,c04_202
0,0.0055613793,c04_203
0,0.005026179,c04_204
0,0.0024744938,c04_205
0,0.002834618,c04_206
0,0.0022046997,c04_207
0,0.0020303426,c04_208
0,0.0020920597,c04_209
0,0.05466185,c04_21
0,0.0018551737,c04_210
0,0.0031189928,c04_211
0,0.002939183,c04_212
0,0.0021936568,c04_213
0,0.001926201,c04_214
0,0.00287085,c04_215
0,0.0027420106,c04_216
0,0.001991482,c04_217
0,0.0023036187,c04_218
0,0.0026979335,c04_219
0,0.050690588,c04_22
0,0.0020131595,c04_220
0,0.002923826,c04_221
0,0.0021481724,c04_222
0,0.0026880528,c04_223
0,0.0030911935,c04_224
0,0.00347976,c04_225
0,0.013689336,c04_226
0,0.0021517016,c04_227
0,0.0023417573,c04_228
0,0.0021367874,c04_229
0,0.004486287,c04_23
0,0.002178502,c04_230
0,0.0018188838,c04_231
0,0.0018583267,c04_232
0,0.00184974,c04_233
0,0.0018456392,c04_234
0,0.0024160738,c04_235
0,0.0021042519,c04_236
0,0.00248611,c04_237
0,0.004010634,c04_238
0,0.005623896,c04_239
0,0.0072716875,c04_24
0,0.0025868337,c04_240
0,0.003758732,c04_241
0,0.0028579195,c04_242
0,0.003062951,c04_243
0,0.0032222117,c04_244
0,0.004441098,c04_245
0,0.0034392131,c04_246
0,0.0039327648,c04_247
0,0.0038602268,c04_248
0,0.0028861992,c04_249
0,0.004663925,c04_25
0,0.0040866705,c04_250
0,0.0056720776,c04_251
0,0.0040606232,c04_252
0,0.003879813,c04_253
0,0.0026245958,c04_254
0,0.0023198912,c04_255
0,0.0026035567,c04_256
0,0.0022858635,c04_257
0,0.0029588563,c04_258
0,0.023552658,c04_259
0,0.019326732,c04_26
0,0.061920304,c04_260
0,0.006971327,c04_261
0,0.002260329,c04_262
0,0.0027640497,c04_263
0,0.0018948701,c04_264
0,0.0022558772,c04_265
0,0.0018184581,c04_266
0,0.001809794,c04_267
0,0.001684892,c04_268
0,0.0017191357,c04_269
0,0.004197954,c04_27
0,0.0015416793,c04_270
0,0.0015829492,c04_271
0,0.001473432,c04_272
0,0.0014736629,c04_273
0,0.0015091366,c04_274
0,0.018257465,c04_275
0,0.0013187841,c04_276
0,0.004852849,c04_277
0,0.0012249559,c04_278
0,0.001496156,c04_279
0,0.0036520546,c04_28
0,0.0013955402,c04_280
0,0.0013500403,c04_281
0,0.0013642572,c04_282
0,0.001338609,c04_283
0,0.0012942594,c04_284
0,0.0017481137,c04_285
0,0.03558061,c04_286
0,0.0024071762,c04_287
0,0.013635346,c04_288
0,0.0023380995,c04_289
0,0.011813215,c04_29
0,0.0019132675,c04_290
0,0.0023680765,c04_291
0,0.003310062,c04_292
0,0.0021575224,c04_293
0,0.0021775435,c04_294
0,0.001643149,c04_295
0,0.0014426226,c04_296
0,0.0017642085,c04_297
0,0.001445229,c04_298
0,0.0015912972,c04_299
0,0.6615493,c04_30
0,0.001523261,c04_300
0,0.0015710583,c04_301
0,0.0024659494,c04_302
0,0.0017819123,c04_303
0,0.002853398,c04_304
0,0.0022728764,c04_305
0,0.0017838784,c04_306
0,0.0037676827,c04_307
0,0.03621648,c04_308
0,0.0020045245,c04_309
0,0.0048378212,c04_31
0,0.0025528932,c04_310
0,0.0023546726,c04_311
0,0.004424297,c04_312
0,0.0015445726,c04_313
0,0.00214193,c04_314
0,0.0016928567,c04_315
0,0.0016510984,c04_316
0,0.002586702,c04_317
0,0.0022285446,c04_318
0,0.0013765875,c04_319
0,0.0043424643,c04_32
0,0.001619301,c04_320
0,0.002092844,c04_321
0,0.001851795,c04_322
0,0.002933431,c04_323
0,0.001760127,c04_324
0,0.0021772024,c04_325
0,0.0020053047,c04_326
0,0.0020628506,c04_327
0,0.0017717928,c04_328
0,0.0020861512,c04_329
0,0.0062104464,c04_33
0,0.0017566885,c04_330
0,0.0024965925,c04_331
0,0.002086836,c04_332
0,0.0026796088,c04_333
0,0.0033413663,c04_334
0,0.0028775309,c04_335
0,0.006185828,c04_336
0,0.010682988,c04_337
0,0.012664383,c04_338
0,0.00663505,c04_339
0,0.16776764,c04_34
0,0.007388124,c04_340
0,0.004198281,c04_341
0,0.018375624,c04_342
0,0.00970448,c04_343
0,0.0061275563,c04_344
0,0.0077917576,c04_345
0,0.0063244128,c04_346
0,0.005472774,c04_347
0,0.0063937195,c04_348
0,0.69093543,c04_349
0,0.004253036,c04_35
0,0.0037130744,c04_350
0,0.0075660544,c04_351
0,0.007271116,c04_352
0,0.0035854315,c04_353
0,0.0032258742,c04_354
0,0.0048756236,c04_355
0,0.004031356,c04_356
0,0.021425141,c04_357
0,0.001862577,c04_358
0,0.004274625,c04_359
0,0.0041314447,c04_36
0,0.0019946813,c04_360
0,0.0028822813,c04_361
0,0.0046803365,c04_362
0,0.002033674,c04_363
0,0.0037597532,c04_364
0,0.002243039,c04_365
0,0.009945547,c04_366
0,0.0027386474,c04_367
0,0.0038636094,c04_368
0,0.0019376738,c04_369
0,0.0045483345,c04_37
0,0.0016638726,c04_370
0,0.0013759034,c04_371
0,0.003547737,c04_372
0,0.0019325827,c04_373
0,0.0022577946,c04_374
0,0.0012892183,c04_375
0,0.0019873786,c04_376
0,0.0025111686,c04_377
0,0.0013779182,c04_378
0,0.0011576155,c04_379
0,0.07291771,c04_38
0,0.0019308461,c04_380
0,0.0016411475,c04_381
0,0.0011750455,c04_382
0,0.0039343773,c04_383
0,0.0031869628,c04_384
0,0.0017601135,c04_385
0,0.0020772044,c04_386
0,0.002039715,c04_387
0,0.0022853806,c04_388
0,0.0020511975,c04_389
0,0.0045020883,c04_39
0,0.0016383843,c04_390
0,0.0014647068,c04_391
0,0.0022771864,c04_392
0,0.0017480769,c04_393
0,0.0023370232,c04_394
0,0.0017588933,c04_395
0,0.0042556943,c04_396
0,0.002201287,c04_397
0,0.0021721097,c04_398
0,0.0019321396,c04_399
0,0.003430549,c04_40
0,0.0023412807,c04_400
0,0.038510095,c04_401
0,0.0032994354,c04_402
0,0.0019949146,c04_403
0,0.002230755,c04_404
0,0.0016728234,c04_405
0,0.0024346437,c04_406
0,0.002062519,c04_407
0,0.002673039,c04_408
0,0.0014017699,c04_409
0,0.006604647,c04_41
0,0.001699947,c04_410
0,0.0036465619,c04_411
0,0.002217992,c04_412
0,0.00237295,c04_413
0,0.0017462922,c04_414
0,0.0019045805,c04_415
0,0.0015916243,c04_416
0,0.0028784163,c04_417
0,0.0016768384,c04_418
0,0.005866117,c04_419
0,0.15446945,c04_42
0,0.0020252783,c04_420
0,0.0016548359,c04_421
0,0.067624055,c04_422
0,0.01707379,c04_423
0,0.15782009,c04_424
0,0.007834744,c04_425
0,0.008608782,c04_426
0,0.016295137,c04_427
0,0.0031220736,c04_428
0,0.00759715,c04_429
0,0.03531554,c04_43
0,0.0073705893,c04_430
0,0.0024999836,c04_431
0,0.003053835,c04_432
0,0.0026561727,c04_433
0,0.0057958537,c04_434
0,0.0025485714,c04_435
0,0.0040147756,c04_436
0,0.0031936013,c04_437
0,0.0023865213,c04_438
0,0.0026019204,c04_439
0,0.015458697,c04_44
0,0.0021338044,c04_440
0,0.0024605435,c04_441
0,0.0029680692,c04_442
0,0.0024722163,c04_443
0,0.002977653,c04_444
0,0.0039098645,c04_445
0,0.0046423967,c04_446
0,0.00365075,c04_447
0,0.004276444,c04_448
0,0.0026809103,c04_449
0,0.0020145758,c04_45
0,0.0026249215,c04_450
0,0.003050863,c04_451
0,0.00291276,c04_452
0,0.0032468678,c04_453
0,0.0031690174,c04_454
0,0.003465942,c04_455
0,0.17648059,c04_456
0,0.007943569,c04_457
0,0.0022590302,c04_458
0,0.002473731,c04_459
0,0.002655511,c04_46
0,0.0028036775,c04_460
0,0.002649108,c04_461
0,0.0025810318,c04_462
0,0.0033381472,c04_463
0,0.0021176022,c04_464
0,0.0028685823,c04_465
0,0.0040489677,c04_466
0,0.011391812,c04_467
0,0.0023643924,c04_468
0,0.0020365133,c04_469
0,0.0020929538,c04_47
0,0.0021226066,c04_470
0,0.001989245,c04_471
0,0.0019365455,c04_472
0,0.0065819663,c04_473
0,0.0027278077,c04_474
0,0.00210804,c04_475
0,0.0022890104,c04_476
0,0.020532025,c04_477
0,0.027861247,c04_478
0,0.043599408,c04_479
0,0.003148172,c04_48
0,0.010700753,c04_480
0,0.013135672,c04_481
0,0.006388357,c04_49
0,0.0017172414,c04_50
0,0.002104449,c04_51
0,0.0027897272,c04_52
0,0.0025174422,c04_53
0,0.0022115472,c04_54
0,0.0027197783,c04_55
0,0.0020627328,c04_56
0,0.0023200898,c04_57
0,0.0036171696,c04_58
0,0.0056804316,c04_59
0,0.0029075628,c04_60
0,0.0027256757,c04_61
0,0.005625971,c04_62
0,0.0027592068,c04_63
0,0.0020215309,c04_64
0,0.003503886,c04_65
0,0.0045297495,c04_66
0,0.001958902,c04_67
0,0.0028350076,c04_68
0,0.00275427,c04_69
0,0.004354139,c04_70
0,0.0048270915,c04_71
0,0.0030745775,c04_72
0,0.0065215877,c04_73
0,0.0025218213,c04_74
0,0.02156093,c04_75
0,0.008108838,c04_76
0,0.007969135,c04_77
0,0.0070738327,c04_78
0,0.005640042,c04_79
0,0.0022194034,c04_80
0,0.004701444,c04_81
0,0.0021015352,c04_82
0,0.002359288,c04_83
0,0.0037529117,c04_84
0,0.002470023,c04_85
0,0.002126367,c04_86
0,0.0024170994,c04_87
0,0.0036498138,c04_88
0,0.0023927095,c04_89
0,0.002192895,c04_90
0,0.0038142418,c04_91
0,0.0025707849,c04_92
0,0.0023390048,c04_93
0,0.0027960395,c04_94
0,0.0023002066,c04_95
0,0.002463389,c04_96
0,0.0027632378,c04_97
0,0.0026463608,c04_98
0,0.00238198,c04_99
1,0.008120222,c05_385
1,0.73776656,c05_386
1,0.0052362904,c05_6
0,0.078531854,c05_0
0,0.28992575,c05_1
0,0.003496146,c05_10
0,0.0049847546,c05_100
0,0.0042357305,c05_101
0,0.00444717,c05_102
0,0.0039520683,c05_103
0,0.004515356,c05_104
0,0.0038766318,c05_105
0,0.005172825,c05_106
0,0.0052897446,c05_107
0,0.004573156,c05_108
0,0.004446581,c05_109
0,0.0035846124,c05_11
0,0.37124488,c05_110
0,0.006675672,c05_111
0,0.0059672655,c05_112
0,0.0068938746,c05_113
0,0.0058990386,c05_114
0,0.007486644,c05_115
0,0.004849463,c05_116
0,0.0058555487,c05_117
0,0.005726407,c05_118
0,0.0061938586,c05_119
0,0.0034065715,c05_12
0,0.005793626,c05_120
0,0.010323772,c05_121
0,0.016477816,c05_122
0,0.008698057,c05_123
0,0.010074192,c05_124
0,0.0064798165,c05_125
0,0.009812688,c05_126
0,0.006088091,c05_127
0,0.0057375752,c05_128
0,0.0066922484,c05_129
0,0.00331596,c05_13
0,0.0071087754,c05_130
0,0.0067211804,c05_131
0,0.0057879817,c05_132
0,0.005842577,c05_133
0,0.006293975,c05_134
0,0.0064646928,c05_135
0,0.0053886836,c05_136
0,0.007875857,c05_137
0,0.0056228694,c05_138
0,0.008687312,c05_139
0,0.0038162335,c05_14
0,0.006103564,c05_140
0,0.0057565607,c05_141
0,0.012423714,c05_142
0,0.0063882056,c05_143
0,0.0045150705,c05_144
0,0.014883792,c05_145
0,0.009207838,c05_146
0,0.0070247953,c05_147
0,0.012002305,c05_148
0,0.009549683,c05_149
0,0.004257693,c05_15
0,0.00713838,c05_150
0,0.006778307,c05_151
0,0.007552925,c05_152
0,0.015359709,c05_153
0,0.00621133,c05_154
0,0.00667979,c05_155
0,0.006467015,c05_156
0,0.006030855,c05_157
0,0.0061889645,c05_158
0,0.005495476,c05_159
0,0.0047914935,c05_16
0,0.005273509,c05_160
0,0.0110389395,c05_161
0,0.0064630574,c05_162
0,0.008088093,c05_163
0,0.008069278,c05_164
0,0.104940735,c05_165
0,0.005916058,c05_166
0,0.01042598,c05_167
0,0.008455664,c05_168
0,0.010663271,c05_169
0,0.004483206,c05_17
0,0.010426885,c05_170
0,0.0106873885,c05_171
0,0.009897203,c05_172
0,0.009077658,c05_173
0,0.011629984,c05_174
0,0.009415489,c05_175
0,0.009163815,c05_176
0,0.010052738,c05_177
0,0.008758129,c05_178
0,0.008056206,c05_179
0,0.0042978246,c05_18
0,0.008703415,c05_180
0,0.008188118,c05_181
0,0.009845499,c05_182
0,0.008812716,c05_183
0,0.009069278,c05_184
0,0.00887679,c05_185
0,0.008542522,c05_186
0,0.011031145,c05_187
0,0.00862722,c05_188
0,0.01148971,c05_189
0,0.0055365358,c05_19
0,0.011893294,c05_190
0,0.009850736,c05_191
0,0.009575362,c05_192
0,0.00936112,c05_193
0,0.013700897,c05_194
0,0.009589157,c05_195
0,0.01381258,c05_196
0,0.010007215,c05_197
0,0.01012674,c05_198
0,0.007891335,c05_199
0,0.29701525,c05_2
0,0.0053252517,c05_20
0,0.009386669,c05_200
0,0.009853158,c05_201
0,0.0099817375,c05_202
0,0.017897334,c05_203
0,0.02319472,c05_204
0,0.013527604,c05_205
0,0.02658622,c05_206
0,0.015103934,c05_207
0,0.014306013,c05_208
0,0.12754413,c05_209
0,0.00511517,c05_21
0,0.0062219473,c05_210
0,0.005998914,c05_211
0,0.008189653,c05_212
0,0.0062014866,c05_213
0,0.006993625,c05_214
0,0.007892433,c05_215
0,0.0067908517,c05_216
0,0.008035662,c05_217
0,0.0079403445,c05_218
0,0.009670975,c05_219
0,0.0061363154,c05_22
0,0.010473869,c05_220
0,0.008204699,c05_221
0,0.011782239,c05_222
0,0.008591705,c05_223
0,0.00789959,c05_224
0,0.008648502,c05_225
0,0.009011882,c05_226
0,0.008889865,c05_227
0,0.0074903904,c05_228
0,0.009127699,c05_229
0,0.0065602986,c05_23
0,0.008548356,c05_230
0,0.0077033415,c05_231
0,0.008053344,c05_232
0,0.0074167266,c05_233
0,0.008048237,c05_234
0,0.0077647152,c05_235
0,0.007613543,c05_236
0,0.008120813,c05_237
0,0.0076820804,c05_238
0,0.007822711,c05_239
0,0.004945106,c05_24
0,0.007979287,c05_240
0,0.007225929,c05_241
0,0.0074625295,c05_242
0,0.0084758485,c05_243
0,0.007818119,c05_244
0,0.007950711,c05_245
0,0.008567095,c05_246
0,0.008899616,c05_247
0,0.008878704,c05_248
0,0.00932752,c05_249
0,0.004726653,c05_25
0,0.008624479,c05_250
0,0.008807187,c05_251
0,0.0081557045,c05_252
0,0.008156666,c05_253
0,0.009460478,c05_254
0,0.10105762,c05_255
0,0.007925229,c05_256
0,0.008071736,c05_257
0,0.007709066,c05_258
0,0.007980646,c05_259
0,0.005860283,c05_26
0,0.008624961,c05_260
0,0.00961352,c05_261
0,0.0080878185,c05_262
0,0.008172644,c05_263
0,0.007906244,c05_264
0,0.008175914,c05_265
0,0.007651639,c05_266
0,0.009119947,c05_267
0,0.008420301,c05_268
0,0.008477432,c05_269
0,0.0047313967,c05_27
0,0.00803051,c05_270
0,0.009517644,c05_271
0,0.008441619,c05_272
0,0.008739533,c05_273
0,0.008191884,c05_274
0,0.031826485,c05_275
0,0.007327338,c05_276
0,0.008709689,c05_277
0,0.009096755,c05_278
0,0.008100868,c05_279
0,0.004608019,c05_28
0,0.00902045,c05_280
0,0.010029598,c05_281
0,0.012415831,c05_282
0,0.011000101,c05_283
0,0.029212536,c05_284
0,0.010133424,c05_285
0,0.00853444,c05_286
0,0.008086647,c05_287
0,0.0076371524,c05_288
0,0.009857537,c05_289
0,0.005207493,c05_29
0,0.008261634,c05_290
0,0.008997283,c05_291
0,0.00965226,c05_292
0,0.008940532,c05_293
0,0.008734367,c05_294
0,0.019933915,c05_295
0,0.009191071,c05_296
0,0.009848508,c05_297
0,0.009303326,c05_298
0,0.014160818,c05_299
0,0.16216761,c05_3
0,0.004331905,c05_30
0,0.019377343,c05_300
0,0.00637518,c05_301
0,0.007716854,c05_302
0,0.0069466233,c05_303
0,0.006889524,c05_304
0,0.0068420335,c05_305
0,0.008098674,c05_306
0,0.009971489,c05_307
0,0.0071303044,c05_308
0,0.007263582,c05_309
0,0.004665036,c05_31
0,0.007991351,c05_310
0,0.0072851935,c05_311
0,0.00719943,c05_312
0,0.007938806,c05_313
0,0.010092526,c05_314
0,0.009152443,c05_315
0,0.009959902,c05_316
0,0.0056150956,c05_317
0,0.007580225,c05_318
0,0.006745999,c05_319
0,0.004910142,c05_32
0,0.0077001266,c05_320
0,0.0074314782,c05_321
0,0.009863142,c05_322
0,0.008248341,c05_323
0,0.007450643,c05_324
0,0.008952032,c05_325
0,0.007950177,c05_326
0,0.0069044563,c05_327
0,0.008521248,c05_328
0,0.0070635774,c05_329
0,0.0045364634,c05_33
0,0.0071911383,c05_330
0,0.008047172,c05_331
0,0.007627152,c05_332
0,0.006318303,c05_333
0,0.00907069,c05_334
0,0.008773131,c05_335
0,0.007363511,c05_336
0,0.007251578,c05_337
0,0.0062496457,c05_338
0,0.005605654,c05_339
0,0.0045864563,c05_34
0,0.0078222,c05_340
0,0.009510117,c05_341
0,0.008937772,c05_342
0,0.008355375,c05_343
0,0.0068647624,c05_344
0,0.0077671846,c05_345
0,0.53185505,c05_346
0,0.0077546197,c05_347
0,0.011272257,c05_348
0,0.010254175,c05_349
0,0.0035614797,c05_35
0,0.008487064,c05_350
0,0.0074907597,c05_351
0,0.013400399,c05_352
0,0.019548852,c05_353
0,0.008721298,c05_354
0,0.00908663,c05_355
0,0.009927763,c05_356
0,0.006761878,c05_357
0,0.00895987,c05_358
0,0.008952511,c05_359
0,0.0035007875,c05_36
0,0.007986412,c05_360
0,0.010073211,c05_361
0,0.008636805,c05_362
0,0.009311465,c05_363
0,0.008595545,c05_364
0,0.008554889,c05_365
0,0.008379495,c05_366
0,0.008953203,c05_367
0,0.0090219,c05_368
0,0.005259779,c05_369
0,0.003774497,c05_37
0,0.24334238,c05_370
0,0.00746332,c05_371
0,0.00537721,c05_372
0,0.009109731,c05_373
0,0.011022669,c05_374
0,0.011865873,c05_375
0,0.01108867,c05_376
0,0.008587852,c05_377
0,0.009764829,c05_378
0,0.04055374,c05_379
0,0.0048268717,c05_38
0,0.012933323,c05_380
0,0.013913176,c05_381
0,0.006782661,c05_382
0,0.006298647,c05_383
0,0.011428113,c05_384
0,0.015161148,c05_387
0,0.0072518834,c05_388
0,0.00840792,c05_389
0,0.005087878,c05_39
0,0.0069205477,c05_390
0,0.006586388,c05_391
0,0.0069863102,c05_392
0,0.008186194,c05_393
0,0.0069841174,c05_394
0,0.007033176,c05_395
0,0.009391165,c05_396
0,0.0084542325,c05_397
0,0.009774031,c05_398
0,0.007110755,c05_399
0,0.0042369557,c05_4
0,0.0042767567,c05_40
0,0.006764857,c05_400
0,0.008907157,c05_401
0,0.009066644,c05_402
0,0.009431752,c05_403
0,0.009067304,c05_404
0,0.0089226905,c05_405
0,0.008419114,c05_406
0,0.005768866,c05_407
0,0.005990342,c05_408
0,0.0072910655,c05_409
0,0.003653818,c05_41
0,0.004926712,c05_410
0,0.006725167,c05_411
0,0.00909229,c05_412
0,0.008011524,c05_413
0,0.0057971017,c05_414
0,0.0047797062,c05_415
0,0.005554293,c05_416
0,0.007933369,c05_417
0,0.008639386,c05_418
0,0.007937844,c05_419
0,0.003786774,c05_42
0,0.007889072,c05_420
0,0.008588619,c05_421
0,0.009236586,c05_422
0,0.011470721,c05_423
0,0.008664044,c05_424
0,0.0091521405,c05_425
0,0.008271767,c05_426
0,0.009759182,c05_427
0,0.008014063,c05_428
0,0.008765633,c05_429
0,0.0034977016,c05_43
0,0.00931329,c05_430
0,0.008267448,c05_431
0,0.012964802,c05_432
0,0.00862404,c05_433
0,0.009043009,c05_434
0,0.0053395545,c05_435
0,0.006277028,c05_436
0,0.00689788,c05_437
0,0.008564221,c05_438
0,0.0074037504,c05_439
0,0.0054075364,c05_44
0,0.00784973,c05_440
0,0.005810559,c05_441
0,0.008099272,c05_442
0,0.008142628,c05_443
0,0.008266832,c05_444
0,0.008061622,c05_445
0,0.007980056,c05_446
0,0.08333198,c05_447
0,0.0055204723,c05_448
0,0.017915606,c05_449
0,0.00511836,c05_45
0,0.009457235,c05_450
0,0.008696825,c05_451
0,0.010173488,c05_452
0,0.008617985,c05_453
0,0.009937769,c05_454
0,0.010417907,c05_455
0,0.007921122,c05_456
0,0.0080905575,c05_457
0,0.009162724,c05_458
0,0.008284775,c05_459
0,0.004655342,c05_46
0,0.007873763,c05_460
0,0.18664359,c05_461
0,0.067154475,c05_462
0,0.005134228,c05_463
0,0.21268786,c05_464
0,0.556532,c05_465
0,0.005043425,c05_47
0,0.005161214,c05_48
0,0.0054805377,c05_49
0,0.0050107692,c05_5
0,0.005244976,c05_50
0,0.005308417,c05_51
0,0.004978548,c05_52
0,0.0048099672,c05_53
0,0.0037181813,c05_54
0,0.0038647582,c05_55
0,0.004848659,c05_56
0,0.0051399115,c05_57
0,0.0049339402,c05_58
0,0.004945343,c05_59
0,0.0062713497,c05_60
0,0.00766676,c05_61
0,0.007281112,c05_62
0,0.00965929,c05_63
0,0.008544314,c05_64
0,0.0077864653,c05_65
0,0.18866858,c05_66
0,0.0041680234,c05_67
0,0.0065306025,c05_68
0,0.004013186,c05_69
0,0.00353489,c05_7
0,0.0040670154,c05_70
0,0.004135753,c05_71
0,0.0039651725,c05_72
0,0.0043615517,c05_73
0,0.0048100376,c05_74
0,0.005632826,c05_75
0,0.004608444,c05_76
0,0.005250586,c05_77
0,0.004732556,c05_78
0,0.0044109738,c05_79
0,0.20157479,c05_8
0,0.0046620085,c05_80
0,0.0039111027,c05_81
0,0.004625523,c05_82
0,0.0064931647,c05_83
0,0.005840035,c05_84
0,0.00498128,c05_85
0,0.0067559495,c05_86
0,0.0048977355,c05_87
0,0.0055416436,c05_88
0,0.0052804123,c05_89
0,0.26573315,c05_9
0,0.09704271,c05_90
0,0.0046258722,c05_91
0,0.004255678,c05_92
0,0.00423731,c05_93
0,0.0054358603,c05_94
0,0.004566421,c05_95
0,0.0049857455,c05_96
0,0.0046444284,c05_97
0,0.0046431986,c05_98
0,0.004526418,c05_99
1,0.008223453,c06_386
0,0.22233227,c06_0
0,0.21465972,c06_1
0,0.44156894,c06_10
0,0.0049941195,c06_100
0,0.004695613,c06_101
0,0.004938578,c06_102
0,0.00534,c06_103
0,0.0041904575,c06_104
0,0.004773251,c06_105
0,0.0037195873,c06_106
0,0.005060793,c06_107
0,0.0051231747,c06_108
0,0.0045133177,c06_109
0,0.0037453568,c06_11
0,0.0052867043,c06_110
0,0.0086555565,c06_111
0,0.14777562,c06_112
0,0.0051738536,c06_113
0,0.006809679,c06_114
0,0.005704928,c06_115
0,0.008787295,c06_116
0,0.0060320217,c06_117
0,0.0051145535,c06_118
0,0.0070366464,c06_119
0,0.0035047457,c06_12
0,0.005787403,c06_120
0,0.006203073,c06_121
0,0.008895879,c06_122
0,0.016327249,c06_123
0,0.00958137,c06_124
0,0.011597634,c06_125
0,0.00791772,c06_126
0,0.008314265,c06_127
0,0.007683255,c06_128
0,0.0049457583,c06_129
0,0.0033698508,c06_13
0,0.006734334,c06_130
0,0.007075487,c06_131
0,0.006549036,c06_132
0,0.0055699325,c06_133
0,0.006585584,c06_134
0,0.005873001,c06_135
0,0.0057949615,c06_136
0,0.0054596555,c06_137
0,0.007121607,c06_138
0,0.0062546115,c06_139
0,0.0033783973,c06_14
0,0.008800505,c06_140
0,0.005777159,c06_141
0,0.006092198,c06_142
0,0.0063484195,c06_143
0,0.021873258,c06_144
0,0.005259305,c06_145
0,0.0050729807,c06_146
0,0.025319634,c06_147
0,0.0061052134,c06_148
0,0.010453696,c06_149
0,0.003998893,c06_15
0,0.009880677,c06_150
0,0.0057918252,c06_151
0,0.0064546946,c06_152
0,0.008411521,c06_153
0,0.016238246,c06_154
0,0.006757047,c06_155
0,0.0056656483,c06_156
0,0.0070045576,c06_157
0,0.0057468885,c06_158
0,0.0055979625,c06_159
0,0.0038693575,c06_16
0,0.0060357046,c06_160
0,0.0052606375,c06_161
0,0.0052925725,c06_162
0,0.01241707,c06_163
0,0.009673843,c06_164
0,0.0060347384,c06_165
0,0.076436326,c06_166
0,0.006998057,c06_167
0,0.007485965,c06_168
0,0.00774358,c06_169
0,0.0043260767,c06_17
0,0.010908052,c06_170
0,0.008960825,c06_171
0,0.009993864,c06_172
0,0.00851633,c06_173
0,0.010320663,c06_174
0,0.009166183,c06_175
0,0.009061017,c06_176
0,0.0112385815,c06_177
0,0.009131728,c06_178
0,0.0076035988,c06_179
0,0.004931055,c06_18
0,0.007973061,c06_180
0,0.008525567,c06_181
0,0.007953435,c06_182
0,0.008279084,c06_183
0,0.008531277,c06_184
0,0.008580908,c06_185
0,0.008773931,c06_186
0,0.008244936,c06_187
0,0.009947673,c06_188
0,0.0088940505,c06_189
0,0.0043189097,c06_19
0,0.009197417,c06_190
0,0.009110351,c06_191
0,0.008529027,c06_192
0,0.01306,c06_193
0,0.010761654,c06_194
0,0.010309162,c06_195
0,0.016004844,c06_196
0,0.011771705,c06_197
0,0.0114096925,c06_198
0,0.008551775,c06_199
0,0.32905293,c06_2
0,0.004745605,c06_20
0,0.007929392,c06_200
0,0.0066341828,c06_201
0,0.010522332,c06_202
0,0.009528775,c06_203
0,0.014943576,c06_204
0,0.026072606,c06_205
0,0.0133230025,c06_206
0,0.040019743,c06_207
0,0.011858372,c06_208
0,0.014135479,c06_209
0,0.0070173056,c06_21
0,0.02683017,c06_210
0,0.0056489753,c06_211
0,0.0060801557,c06_212
0,0.00745981,c06_213
0,0.0064356197,c06_214
0,0.006856614,c06_215
0,0.007902617,c06_216
0,0.0075501595,c06_217
0,0.0077157584,c06_218
0,0.007516235,c06_219
0,0.004899023,c06_22
0,0.009778764,c06_220
0,0.008434701,c06_221
0,0.008198294,c06_222
0,0.010402491,c06_223
0,0.008570347,c06_224
0,0.007611554,c06_225
0,0.008440557,c06_226
0,0.007957424,c06_227
0,0.007680052,c06_228
0,0.007928665,c06_229
0,0.004721232,c06_23
0,0.008279566,c06_230
0,0.0091513675,c06_231
0,0.0081358785,c06_232
0,0.007811675,c06_233
0,0.010898832,c06_234
0,0.007833904,c06_235
0,0.00764582,c06_236
0,0.008184271,c06_237
0,0.00803051,c06_238
0,0.00796006,c06_239
0,0.006220953,c06_24
0,0.008607858,c06_240
0,0.008219802,c06_241
0,0.007942922,c06_242
0,0.007972721,c06_243
0,0.008628786,c06_244
0,0.008066054,c06_245
0,0.008132744,c06_246
0,0.008771241,c06_247
0,0.008374428,c06_248
0,0.007951975,c06_249
0,0.004861051,c06_25
0,0.009393278,c06_250
0,0.0076825307,c06_251
0,0.008141015,c06_252
0,0.008275842,c06_253
0,0.008587061,c06_254
0,0.009675683,c06_255
0,0.06658789,c06_256
0,0.03715639,c06_257
0,0.007756226,c06_258
0,0.010698168,c06_259
0,0.004851276,c06_26
0,0.015547166,c06_260
0,0.008384798,c06_261
0,0.009609169,c06_262
0,0.008452067,c06_263
0,0.007968294,c06_264
0,0.0076460144,c06_265
0,0.008348788,c06_266
0,0.009929586,c06_267
0,0.007912556,c06_268
0,0.008863628,c06_269
0,0.0067843,c06_27
0,0.008313946,c06_270
0,0.007613543,c06_271
0,0.009593265,c06_272
0,0.009467335,c06_273
0,0.008713723,c06_274
0,0.008939885,c06_275
0,0.014984805,c06_276
0,0.02276936,c06_277
0,0.010490012,c06_278
0,0.009428386,c06_279
0,0.00485821,c06_28
0,0.0088251,c06_280
0,0.008258719,c06_281
0,0.009658788,c06_282
0,0.009076606,c06_283
0,0.009265825,c06_284
0,0.021100467,c06_285
0,0.007994428,c06_286
0,0.008707045,c06_287
0,0.009329291,c06_288
0,0.008253582,c06_289
0,0.0050979266,c06_29
0,0.009707588,c06_290
0,0.009032436,c06_291
0,0.008246368,c06_292
0,0.007885532,c06_293
0,0.008337694,c06_294
0,0.010832199,c06_295
0,0.01557197,c06_296
0,0.008645783,c06_297
0,0.009567428,c06_298
0,0.01042027,c06_299
0,0.061874628,c06_3
0,0.00488643,c06_30
0,0.009400632,c06_300
0,0.09635688,c06_301
0,0.0068082823,c06_302
0,0.008490997,c06_303
0,0.007694773,c06_304
0,0.0093554,c06_305
0,0.007427343,c06_306
0,0.007927606,c06_307
0,0.008328506,c06_308
0,0.0071336445,c06_309
0,0.004583457,c06_31
0,0.009230417,c06_310
0,0.007169886,c06_311
0,0.0069061075,c06_312
0,0.008095487,c06_313
0,0.012403418,c06_314
0,0.0072794086,c06_315
0,0.0070340615,c06_316
0,0.014903536,c06_317
0,0.0058313375,c06_318
0,0.0063140686,c06_319
0,0.0047863936,c06_32
0,0.010286597,c06_320
0,0.008256876,c06_321
0,0.007589902,c06_322
0,0.0172311,c06_323
0,0.0075504095,c06_324
0,0.008239195,c06_325
0,0.00854387,c06_326
0,0.00803665,c06_327
0,0.00756695,c06_328
0,0.008538404,c06_329
0,0.004712712,c06_33
0,0.0105883265,c06_330
0,0.009719564,c06_331
0,0.0073733395,c06_332
0,0.0063074687,c06_333
0,0.006276909,c06_334
0,0.0076373215,c06_335
0,0.007485854,c06_336
0,0.0066046654,c06_337
0,0.007522238,c06_338
0,0.006604165,c06_339
0,0.004645668,c06_34
0,0.005587312,c06_340
0,0.006977959,c06_341
0,0.008315047,c06_342
0,0.007045855,c06_343
0,0.0077995104,c06_344
0,0.0082966145,c06_345
0,0.008315688,c06_346
0,0.05705326,c06_347
0,0.28947365,c06_348
0,0.008448415,c06_349
0,0.0044558677,c06_35
0,0.010319559,c06_350
0,0.008140702,c06_351
0,0.008030828,c06_352
0,0.011381624,c06_353
0,0.03834721,c06_354
0,0.007953028,c06_355
0,0.010078962,c06_356
0,0.009371995,c06_357
0,0.006508662,c06_358
0,0.011620325,c06_359
0,0.004900785,c06_36
0,0.010129417,c06_360
0,0.008713612,c06_361
0,0.008329411,c06_362
0,0.007280105,c06_363
0,0.009494978,c06_364
0,0.007998104,c06_365
0,0.009169168,c06_366
0,0.008195107,c06_367
0,0.010853019,c06_368
0,0.0077034105,c06_369
0,0.0035795711,c06_37
0,0.0049473196,c06_370
0,0.24336338,c06_371
0,0.010087696,c06_372
0,0.0050059715,c06_373
0,0.006975052,c06_374
0,0.015682342,c06_375
0,0.014204873,c06_376
0,0.011481329,c06_377
0,0.011864189,c06_378
0,0.0069416184,c06_379
0,0.0037125894,c06_38
0,0.033334244,c06_380
0,0.015643464,c06_381
0,0.01206438,c06_382
0,0.008533838,c06_383
0,0.006654653,c06_384
0,0.010403453,c06_385
0,0.028527085,c06_387
0,0.7406518,c06_388
0,0.0067789233,c06_389
0,0.0050648954,c06_39
0,0.007186398,c06_390
0,0.007371168,c06_391
0,0.008189231,c06_392
0,0.0059800437,c06_393
0,0.0071667368,c06_394
0,0.008181454,c06_395
0,0.007066883,c06_396
0,0.0064173946,c06_397
0,0.007416228,c06_398
0,0.009460674,c06_399
0,0.25034207,c06_4
0,0.0049809176,c06_40
0,0.00853223,c06_400
0,0.0068031675,c06_401
0,0.008176417,c06_402
0,0.0067211045,c06_403
0,0.009180013,c06_404
0,0.008745653,c06_405
0,0.008954443,c06_406
0,0.008622874,c06_407
0,0.0077061625,c06_408
0,0.005692502,c06_409
0,0.0047389525,c06_41
0,0.0058831265,c06_410
0,0.00533241,c06_411
0,0.0067340536,c06_412
0,0.0076640253,c06_413
0,0.011627376,c06_414
0,0.007334917,c06_415
0,0.004425232,c06_416
0,0.005854443,c06_417
0,0.0064317305,c06_418
0,0.009444539,c06_419
0,0.003639476,c06_42
0,0.008723498,c06_420
0,0.0077413786,c06_421
0,0.008266026,c06_422
0,0.008963792,c06_423
0,0.008604151,c06_424
0,0.008742876,c06_425
0,0.009052902,c06_426
0,0.007969392,c06_427
0,0.008400056,c06_428
0,0.010515528,c06_429
0,0.0037120392,c06_43
0,0.0085193785,c06_430
0,0.0083203735,c06_431
0,0.008000787,c06_432
0,0.008054955,c06_433
0,0.008740685,c06_434
0,0.010160504,c06_435
0,0.00565021,c06_436
0,0.005965934,c06_437
0,0.00819434,c06_438
0,0.010457059,c06_439
0,0.0035853516,c06_44
0,0.007959925,c06_440
0,0.010602804,c06_441
0,0.006234691,c06_442
0,0.0081270905,c06_443
0,0.008547454,c06_444
0,0.008732715,c06_445
0,0.007766252,c06_446
0,0.008106169,c06_447
0,0.012201704,c06_448
0,0.23178934,c06_449
0,0.0042475546,c06_45
0,0.04265133,c06_450
0,0.010330941,c06_451
0,0.0077276477,c06_452
0,0.008898368,c06_453
0,0.00842805,c06_454
0,0.009418518,c06_455
0,0.008199496,c06_456
0,0.0077858767,c06_457
0,0.0077220555,c06_458
0,0.009615144,c06_459
0,0.0048405584,c06_46
0,0.009136173,c06_460
0,0.009871332,c06_461
0,0.006578444,c06_462
0,0.17998931,c06_463
0,0.0051928554,c06_464
0,0.0146702295,c06_465
0,0.15865842,c06_466
0,0.033897884,c06_467
0,0.005345223,c06_47
0,0.00505966,c06_48
0,0.0049604094,c06_49
0,0.0043915506,c06_5
0,0.004850618,c06_50
0,0.005550714,c06_51
0,0.005298285,c06_52
0,0.0048545594,c06_53
0,0.00477777,c06_54
0,0.0037450592,c06_55
0,0.004075945,c06_56
0,0.004202589,c06_57
0,0.0061730067,c06_58
0,0.0050063925,c06_59
0,0.003760366,c06_6
0,0.004901306,c06_60
0,0.0050940127,c06_61
0,0.007381604,c06_62
0,0.0072791167,c06_63
0,0.008144084,c06_64
0,0.0073381183,c06_65
0,0.007238594,c06_66
0,0.4549234,c06_67
0,0.0065783816,c06_68
0,0.0067118155,c06_69
0,0.011502238,c06_7
0,0.005215843,c06_70
0,0.0038771252,c06_71
0,0.0044409586,c06_72
0,0.004678286,c06_73
0,0.0038265735,c06_74
0,0.005892129,c06_75
0,0.005837993,c06_76
0,0.0041876803,c06_77
0,0.0051605385,c06_78
0,0.0049500545,c06_79
0,0.003456418,c06_8
0,0.005237127,c06_80
0,0.004549497,c06_81
0,0.0049655847,c06_82
0,0.0037417233,c06_83
0,0.004814267,c06_84
0,0.0056514665,c06_85
0,0.0051102517,c06_86
0,0.005409008,c06_87
0,0.0050473562,c06_88
0,0.0046485835,c06_89
0,0.20452067,c06_9
0,0.003983015,c06_90
0,0.024552364,c06_91
0,0.0153857125,c06_92
0,0.0044061476,c06_93
0,0.004691215,c06_94
0,0.0040832525,c06_95
0,0.005351661,c06_96
0,0.0050347378,c06_97
0,0.004793085,c06_98
0,0.0049874675,c06_99
1,0.34588185,c07_402
0,0.383766,c07_0
0,0.14194585,c07_1
0,0.45275718,c07_10
0,0.013447359,c07_100
0,0.10074096,c07_101
0,0.009343224,c07_102
0,0.014605303,c07_103
0,0.0061265514,c07_104
0,0.0050404873,c07_105
0,0.004437851,c07_106
0,0.4432988,c07_107
0,0.1064179,c07_108
0,0.059415698,c07_109
0,0.48301446,c07_11
0,0.011763877,c07_110
0,0.014151096,c07_111
0,0.005690573,c07_112
0,0.015681526,c07_113
0,0.0103499815,c07_114
0,0.016049692,c07_115
0,0.0221021,c07_116
0,0.02251921,c07_117
0,0.017720042,c07_118
0,0.027859893,c07_119
0,0.015211554,c07_12
0,0.01896752,c07_120
0,0.008927266,c07_121
0,0.0048148744,c07_122
0,0.015669283,c07_123
0,0.010771013,c07_124
0,0.011527519,c07_125
0,0.005352341,c07_126
0,0.0061070574,c07_127
0,0.0061135753,c07_128
0,0.004949481,c07_129
0,0.4290884,c07_13
0,0.0052619805,c07_130
0,0.0048819734,c07_131
0,0.018620163,c07_132
0,0.035856258,c07_133
0,0.029167756,c07_134
0,0.014723203,c07_135
0,0.012842681,c07_136
0,0.019097276,c07_137
0,0.0115063805,c07_138
0,0.040586896,c07_139
0,0.37691122,c07_14
0,0.006292287,c07_140
0,0.008729884,c07_141
0,0.089070424,c07_142
0,0.0073865284,c07_143
0,0.10746679,c07_144
0,0.006255773,c07_145
0,0.1808688,c07_146
0,0.13590606,c07_147
0,0.58999574,c07_148
0,0.07083336,c07_15
0,0.22752368,c07_16
0,0.5810837,c07_17
0,0.010475856,c07_18
0,0.1258322,c07_180
0,0.668015,c07_181
0,0.014840695,c07_182
0,0.008096395,c07_183
0,0.012817787,c07_184
0,0.009922853,c07_185
0,0.013635508,c07_186
0,0.015041746,c07_187
0,0.006709635,c07_188
0,0.007393454,c07_189
0,0.018064799,c07_19
0,0.009106727,c07_190
0,0.007749408,c07_191
0,0.011414405,c07_192
0,0.01078599,c07_193
0,0.0124890935,c07_194
0,0.012053483,c07_195
0,0.041385066,c07_196
0,0.0058136005,c07_197
0,0.12068514,c07_198
0,0.0144194495,c07_199
0,0.3496146,c07_2
0,0.016569462,c07_20
0,0.0057617845,c07_200
0,0.012154794,c07_201
0,0.010000164,c07_202
0,0.0056748916,c07_203
0,0.0069054267,c07_204
0,0.014666577,c07_205
0,0.10352687,c07_206
0,0.03751615,c07_21
0,0.02950269,c07_22
0,0.016275039,c07_23
0,0.1378243,c07_24
0,0.4140407,c07_247
0,0.00802839,c07_248
0,0.008153773,c07_249
0,0.12112988,c07_25
0,0.011475518,c07_250
0,0.008515666,c07_251
0,0.007332945,c07_252
0,0.014621211,c07_253
0,0.007227712,c07_254
0,0.009511617,c07_255
0,0.006480888,c07_256
0,0.009634986,c07_257
0,0.0065919007,c07_258
0,0.010405211,c07_259
0,0.22568557,c07_26
0,0.007989926,c07_260
0,0.010839524,c07_261
0,0.010312091,c07_262
0,0.012558796,c07_263
0,0.016371949,c07_264
0,0.007794353,c07_265
0,0.008454304,c07_266
0,0.0151099,c07_267
0,0.012625473,c07_268
0,0.016260391,c07_269
0,0.031001119,c07_27
0,0.02249027,c07_270
0,0.011711218,c07_271
0,0.0154669015,c07_272
0,0.010549911,c07_273
0,0.008186384,c07_274
0,0.008977491,c07_275
0,0.008437197,c07_276
0,0.012457453,c07_277
0,0.0508662,c07_278
0,0.016705919,c07_279
0,0.03586691,c07_28
0,0.012907539,c07_280
0,0.012781785,c07_281
0,0.012629515,c07_282
0,0.0074508763,c07_283
0,0.0098891985,c07_284
0,0.008555666,c07_285
0,0.008800395,c07_286
0,0.011402149,c07_287
0,0.0155127635,c07_288
0,0.019564157,c07_289
0,0.056168053,c07_29
0,0.0078090653,c07_290
0,0.009614636,c07_291
0,0.011512815,c07_292
0,0.008944665,c07_293
0,0.015035057,c07_294
0,0.016861973,c07_295
0,0.011023407,c07_296
0,0.014067865,c07_297
0,0.0072102556,c07_298
0,0.008820793,c07_299
0,0.06797813,c07_3
0,0.021312898,c07_30
0,0.010655456,c07_300
0,0.011337983,c07_301
0,0.006588223,c07_302
0,0.008251751,c07_303
0,0.010751763,c07_304
0,0.01808493,c07_305
0,0.011519764,c07_306
0,0.27944925,c07_307
0,0.13057648,c07_308
0,0.37423763,c07_309
0,0.12618844,c07_31
0,0.2574799,c07_310
0,0.007757764,c07_311
0,0.13804926,c07_312
0,0.1201883,c07_313
0,0.032833185,c07_314
0,0.06224751,c07_315
0,0.04144753,c07_316
0,0.09653581,c07_317
0,0.20465526,c07_318
0,0.01699591,c07_319
0,0.6771988,c07_320
0,0.8036885,c07_321
0,0.8095992,c07_324
0,0.18561196,c07_33
0,0.016019357,c07_34
0,0.019372452,c07_35
0,0.27153677,c07_354
0,0.052644365,c07_355
0,0.009713801,c07_356
0,0.011108962,c07_357
0,0.010161099,c07_358
0,0.0064239646,c07_359
0,0.36243483,c07_36
0,0.008500196,c07_360
0,0.0066779745,c07_361
0,0.008491607,c07_362
0,0.009059364,c07_363
0,0.007972163,c07_364
0,0.006929864,c07_365
0,0.008412986,c07_366
0,0.0061193146,c07_367
0,0.0063370233,c07_368
0,0.012296512,c07_369
0,0.013985255,c07_37
0,0.0056782267,c07_370
0,0.006127534,c07_371
0,0.0072940346,c07_372
0,0.010372795,c07_373
0,0.0070179007,c07_374
0,0.1816471,c07_375
0,0.11925818,c07_376
0,0.0064664637,c07_377
0,0.005434783,c07_378
0,0.006432575,c07_379
0,0.31516418,c07_38
0,0.0053397114,c07_380
0,0.006133495,c07_381
0,0.0077608596,c07_382
0,0.0053057238,c07_383
0,0.0073918235,c07_384
0,0.0061128275,c07_385
0,0.0062980116,c07_386
0,0.006307296,c07_387
0,0.15592836,c07_388
0,0.007702714,c07_389
0,0.022988569,c07_39
0,0.009126854,c07_390
0,0.005083844,c07_391
0,0.0089018205,c07_392
0,0.0108134085,c07_393
0,0.007368957,c07_394
0,0.013016508,c07_395
0,0.012824787,c07_396
0,0.0068959245,c07_397
0,0.0099119665,c07_398
0,0.0067663565,c07_399
0,0.022671718,c07_40
0,0.018948078,c07_400
0,0.06786901,c07_401
0,0.01610697,c07_403
0,0.7339653,c07_404
0,0.011317125,c07_405
0,0.69201624,c07_406
0,0.009452938,c07_407
0,0.006587862,c07_408
0,0.007503525,c07_409
0,0.030910745,c07_41
0,0.176423,c07_410
0,0.3381859,c07_411
0,0.081401765,c07_412
0,0.01713559,c07_413
0,0.38953373,c07_414
0,0.49566662,c07_415
0,0.019572709,c07_42
0,0.4955982,c07_420
0,0.024456749,c07_421
0,0.02201763,c07_422
0,0.4684983,c07_423
0,0.422455,c07_424
0,0.48499832,c07_425
0,0.06323005,c07_426
0,0.43648505,c07_428
0,0.025286157,c07_43
0,0.027746417,c07_44
0,0.06935267,c07_45
0,0.06317384,c07_46
0,0.035650842,c07_47
0,0.062346216,c07_48
0,0.046119582,c07_49
0,0.03378169,c07_50
0,0.086751066,c07_51
0,0.3923599,c07_52
0,0.07501689,c07_53
0,0.05452433,c07_54
0,0.072438486,c07_55
0,0.038303487,c07_56
0,0.05651141,c07_57
0,0.020589028,c07_58
0,0.005686187,c07_59
0,0.029512728,c07_60
0,0.08061957,c07_61
0,0.0151478695,c07_62
0,0.023021396,c07_63
0,0.014694816,c07_64
0,0.052601248,c07_65
0,0.022951826,c07_66
0,0.04530539,c07_67
0,0.014750731,c07_68
0,0.031276558,c07_69
0,0.010133558,c07_70
0,0.007062682,c07_71
0,0.005885386,c07_72
0,0.006915709,c07_73
0,0.021854166,c07_74
0,0.016383197,c07_75
0,0.023602128,c07_76
0,0.018022116,c07_77
0,0.028998878,c07_78
0,0.016338872,c07_79
0,0.33672833,c07_8
0,0.008352239,c07_80
0,0.007433859,c07_81
0,0.008142458,c07_82
0,0.017891703,c07_83
0,0.015510158,c07_84
0,0.017049043,c07_85
0,0.023534512,c07_86
0,0.013476653,c07_87
0,0.0124240145,c07_88
0,0.012372383,c07_89
0,0.031120071,c07_90
0,0.022425802,c07_91
0,0.051336844,c07_92
0,0.058233827,c07_93
0,0.015108864,c07_94
0,0.012189779,c07_95
0,0.056717403,c07_96
0,0.01949181,c07_97
0,0.013733386,c07_98
0,0.018774325,c07_99
0,0.043357022,c08_0
0,0.13194688,c08_1
0,0.006949542,c08_100
0,0.0075136633,c08_101
0,0.0084141875,c08_102
0,0.007532843,c08_103
0,0.0072316746,c08_104
0,0.006479048,c08_105
0,0.0068942555,c08_106
0,0.006619188,c08_107
0,0.0067762113,c08_108
0,0.006287804,c08_109
0,0.0063770316,c08_11
0,0.0058937552,c08_110
0,0.0063209743,c08_111
0,0.0064456044,c08_112
0,0.006445323,c08_113
0,0.0067005525,c08_114
0,0.19488709,c08_115
0,0.14572267,c08_116
0,0.05722779,c08_117
0,0.030287955,c08_118
0,0.030273577,c08_119
0,0.12681316,c08_12
0,0.029433386,c08_120
0,0.03672391,c08_121
0,0.032039106,c08_122
0,0.026356967,c08_123
0,0.041647326,c08_124
0,0.027102273,c08_125
0,0.058361717,c08_126
0,0.05582246,c08_127
0,0.048064526,c08_128
0,0.037886444,c08_129
0,0.0050193323,c08_13
0,0.07537692,c08_130
0,0.038999114,c08_131
0,0.04771669,c08_132
0,0.034309253,c08_133
0,0.02469678,c08_134
0,0.029582405,c08_135
0,0.028419787,c08_136
0,0.016442792,c08_137
0,0.017761614,c08_139
0,0.29053897,c08_14
0,0.016299495,c08_140
0,0.014893108,c08_141
0,0.016966881,c08_142
0,0.014936838,c08_143
0,0.014807317,c08_144
0,0.10273933,c08_145
0,0.07335712,c08_146
0,0.008123103,c08_147
0,0.011565838,c08_148
0,0.18179712,c08_149
0,0.005208609,c08_15
0,0.031476427,c08_150
0,0.018246315,c08_151
0,0.015786605,c08_152
0,0.013077848,c08_153
0,0.01786059,c08_154
0,0.018129922,c08_155
0,0.013826382,c08_156
0,0.011292438,c08_157
0,0.015425414,c08_158
0,0.015869284,c08_159
0,0.005126841,c08_16
0,0.016472988,c08_160
0,0.011866085,c08_161
0,0.009679591,c08_162
0,0.008980361,c08_163
0,0.008849018,c08_164
0,0.010728354,c08_165
0,0.15422234,c08_166
0,0.015214676,c08_167
0,0.05270082,c08_168
0,0.023363007,c08_169
0,0.0041422886,c08_17
0,0.018013392,c08_170
0,0.042491492,c08_171
0,0.06415346,c08_172
0,0.028915647,c08_173
0,0.025352787,c08_174
0,0.047555916,c08_175
0,0.05221884,c08_176
0,0.08107348,c08_177
0,0.025256047,c08_178
0,0.04299664,c08_179
0,0.015223081,c08_18
0,0.018687228,c08_180
0,0.01848312,c08_181
0,0.02003807,c08_182
0,0.019608455,c08_183
0,0.018228976,c08_184
0,0.017022371,c08_185
0,0.01957704,c08_186
0,0.015042366,c08_187
0,0.018537913,c08_188
0,0.014237013,c08_189
0,0.5166865,c08_19
0,0.017782556,c08_190
0,0.014295184,c08_191
0,0.016173285,c08_192
0,0.03607221,c08_193
0,0.025705986,c08_194
0,0.022732275,c08_195
0,0.015566642,c08_196
0,0.02767365,c08_197
0,0.020126022,c08_198
0,0.020809531,c08_199
0,0.18990159,c08_2
0,0.29084283,c08_20
0,0.016917434,c08_200
0,0.016076688,c08_201
0,0.018004412,c08_202
0,0.7554121,c08_203
0,0.01530557,c08_204
0,0.029258847,c08_205
0,0.04918051,c08_206
0,0.022403331,c08_207
0,0.024892615,c08_208
0,0.22672243,c08_209
0,0.4384362,c08_21
0,0.0270913,c08_210
0,0.019655526,c08_211
0,0.022496907,c08_212
0,0.014047371,c08_213
0,0.019604387,c08_214
0,0.08930227,c08_215
0,0.038384918,c08_216
0,0.42261297,c08_217
0,0.016363773,c08_218
0,0.1529696,c08_22
0,0.016375223,c08_221
0,0.014192552,c08_222
0,0.010504118,c08_223
0,0.0120294895,c08_224
0,0.012159536,c08_225
0,0.00897543,c08_226
0,0.04373723,c08_227
0,0.010074823,c08_228
0,0.020946903,c08_229
0,0.28919378,c08_23
0,0.009972124,c08_230
0,0.025576849,c08_231
0,0.014821223,c08_232
0,0.012575513,c08_233
0,0.04847006,c08_234
0,0.013276986,c08_235
0,0.125709,c08_236
0,0.2418149,c08_237
0,0.43283117,c08_238
0,0.5342385,c08_239
0,0.37812376,c08_24
0,0.20950979,c08_240
0,0.06519668,c08_241
0,0.057420377,c08_242
0,0.08168038,c08_243
0,0.21921122,c08_244
0,0.049108025,c08_245
0,0.07385622,c08_246
0,0.12651195,c08_247
0,0.017056163,c08_248
0,0.73242646,c08_25
0,0.008271093,c08_250
0,0.063629806,c08_253
0,0.014882736,c08_254
0,0.01638365,c08_256
0,0.019423664,c08_257
0,0.015960148,c08_258
0,0.033353668,c08_259
0,0.21111068,c08_26
0,0.0224092,c08_260
0,0.01704849,c08_261
0,0.016897952,c08_262
0,0.029214121,c08_263
0,0.023024615,c08_264
0,0.020347167,c08_265
0,0.28416482,c08_266
0,0.014391342,c08_267
0,0.018657982,c08_268
0,0.015242643,c08_269
0,0.010200092,c08_27
0,0.015863001,c08_270
0,0.015320275,c08_271
0,0.020820493,c08_272
0,0.011428587,c08_273
0,0.015157532,c08_274
0,0.02749291,c08_275
0,0.010911016,c08_276
0,0.0180886,c08_277
0,0.013939775,c08_278
0,0.02705665,c08_279
0,0.007075393,c08_28
0,0.49245143,c08_280
0,0.1111439,c08_281
0,0.026748579,c08_282
0,0.016702088,c08_283
0,0.019578366,c08_284
0,0.032560363,c08_285
0,0.029567339,c08_286
0,0.018192146,c08_287
0,0.019756401,c08_288
0,0.016014375,c08_289
0,0.0040523997,c08_29
0,0.020597808,c08_290
0,0.009492204,c08_291
0,0.0262401,c08_292
0,0.016300254,c08_293
0,0.016831543,c08_294
0,0.023788488,c08_295
0,0.034543492,c08_296
0,0.013157875,c08_297
0,0.014148083,c08_298
0,0.015868424,c08_299
0,0.0052523995,c08_30
0,0.014771222,c08_300
0,0.010232295,c08_301
0,0.017208582,c08_302
0,0.012108482,c08_303
0,0.061751213,c08_304
0,0.011815052,c08_305
0,0.015550778,c08_306
0,0.013997623,c08_307
0,0.013587268,c08_308
0,0.013916028,c08_309
0,0.0058345506,c08_31
0,0.009228786,c08_310
0,0.012094116,c08_311
0,0.0139986165,c08_312
0,0.04999703,c08_313
0,0.015294027,c08_314
0,0.0046286173,c08_32
0,0.005757909,c08_324
0,0.006111475,c08_325
0,0.007828797,c08_327
0,0.006486038,c08_329
0,0.026506236,c08_33
0,0.0059203226,c08_331
0,0.0058535226,c08_333
0,0.0056127827,c08_334
0,0.0061185462,c08_335
0,0.00545012,c08_336
0,0.11050153,c08_337
0,0.13688399,c08_34
0,0.07411637,c08_342
0,0.124088675,c08_343
0,0.014035448,c08_344
0,0.016990677,c08_345
0,0.02959105,c08_346
0,0.030912943,c08_347
0,0.010335564,c08_348
0,0.011599866,c08_349
0,0.009192721,c08_350
0,0.011567518,c08_351
0,0.011360948,c08_352
0,0.029108675,c08_353
0,0.019622138,c08_354
0,0.013666319,c08_358
0,0.039466664,c08_359
0,0.7679801,c08_36
0,0.020081798,c08_360
0,0.014988994,c08_361
0,0.013026791,c08_362
0,0.7573184,c08_364
0,0.016144939,c08_365
0,0.12110819,c08_366
0,0.012313694,c08_367
0,0.014745466,c08_368
0,0.015832527,c08_369
0,0.7420773,c08_37
0,0.05889588,c08_370
0,0.04310423,c08_371
0,0.014215507,c08_372
0,0.017225945,c08_373
0,0.015048041,c08_374
0,0.10962541,c08_375
0,0.036110513,c08_376
0,0.0093519585,c08_377
0,0.15058593,c08_378
0,0.020127602,c08_379
0,0.0510326,c08_38
0,0.017831719,c08_380
0,0.02327794,c08_381
0,0.015812293,c08_383
0,0.022196364,c08_384
0,0.018146154,c08_385
0,0.008937089,c08_386
0,0.030221391,c08_387
0,0.012744996,c08_388
0,0.028536655,c08_389
0,0.021968542,c08_39
0,0.025819695,c08_390
0,0.0139988605,c08_391
0,0.011699677,c08_392
0,0.007905692,c08_393
0,0.011723764,c08_394
0,0.012550131,c08_395
0,0.010577029,c08_396
0,0.010171649,c08_397
0,0.011649655,c08_398
0,0.007321957,c08_399
0,0.14616512,c08_4
0,0.070108496,c08_40
0,0.008115553,c08_400
0,0.007306647,c08_401
0,0.009234099,c08_402
0,0.0074699144,c08_403
0,0.008885617,c08_404
0,0.012347934,c08_405
0,0.007677026,c08_406
0,0.014590968,c08_407
0,0.34668794,c08_408
0,0.024338476,c08_41
0,0.13937931,c08_415
0,0.059882898,c08_416
0,0.036778603,c08_417
0,0.02538052,c08_418
0,0.05892107,c08_419
0,0.007239505,c08_42
0,0.010965818,c08_420
0,0.010659348,c08_421
0,0.016425768,c08_422
0,0.015081372,c08_423
0,0.010075731,c08_424
0,0.011775911,c08_425
0,0.015470698,c08_426
0,0.01035689,c08_427
0,0.010815317,c08_428
0,0.01256819,c08_429
0,0.004732197,c08_43
0,0.011654335,c08_430
0,0.01632529,c08_431
0,0.019726926,c08_432
0,0.0110231,c08_433
0,0.011160347,c08_434
0,0.009475549,c08_435
0,0.008365101,c08_436
0,0.011209581,c08_437
0,0.3931143,c08_438
0,0.087727994,c08_439
0,0.032161284,c08_44
0,0.042088717,c08_45
0,0.18724723,c08_457
0,0.014779587,c08_458
0,0.008894118,c08_459
0,0.8504653,c08_46
0,0.010591229,c08_460
0,0.016858818,c08_461
0,0.011928873,c08_462
0,0.0138858305,c08_463
0,0.014507029,c08_464
0,0.011421456,c08_465
0,0.0077728503,c08_466
0,0.010315907,c08_467
0,0.26103976,c08_468
0,0.059960634,c08_469
0,0.090014495,c08_47
0,0.12921074,c08_470
0,0.055970106,c08_471
0,0.05043466,c08_472
0,0.026046976,c08_473
0,0.14223398,c08_474
0,0.013673873,c08_475
0,0.007885402,c08_477
0,0.041850466,c08_478
0,0.32418588,c08_48
0,0.122490525,c08_482
0,0.005399663,c08_483
0,0.006734557,c08_485
0,0.008257057,c08_486
0,0.67164844,c08_49
0,0.004727492,c08_490
0,0.0048340093,c08_491
0,0.10586534,c08_492
0,0.057927713,c08_493
0,0.022267852,c08_494
0,0.059861515,c08_495
0,0.024120808,c08_496
0,0.019716188,c08_497
0,0.012766975,c08_498
0,0.022583755,c08_499
0,0.33405486,c08_50
0,0.014535977,c08_500
0,0.009114433,c08_501
0,0.060238887,c08_502
0,0.29572308,c08_503
0,0.013381147,c08_504
0,0.069030024,c08_505
0,0.04011869,c08_506
0,0.06539457,c08_507
0,0.007067709,c08_508
0,0.10979692,c08_51
0,0.01219086,c08_510
0,0.0075796405,c08_512
0,0.044550605,c08_52
0,0.8318855,c08_53
0,0.014678434,c08_54
0,0.015794104,c08_55
0,0.0070212036,c08_56
0,0.25628942,c08_57
0,0.009776569,c08_58
0,0.0037713067,c08_59
0,0.013216837,c08_60
0,0.003974472,c08_61
0,0.43241164,c08_62
0,0.0048600505,c08_63
0,0.004455138,c08_64
0,0.005496211,c08_65
0,0.005043894,c08_66
0,0.0047854623,c08_67
0,0.0050356453,c08_68
0,0.0057209744,c08_69
0,0.51778346,c08_7
0,0.018625017,c08_70
0,0.0062848786,c08_71
0,0.003962507,c08_72
0,0.0046751876,c08_73
0,0.007651103,c08_74
0,0.003913515,c08_75
0,0.005066188,c08_76
0,0.0060482128,c08_77
0,0.004266111,c08_78
0,0.0053137783,c08_79
0,0.20871153,c08_8
0,0.0059104133,c08_80
0,0.0065789055,c08_81
0,0.005094339,c08_82
0,0.008349198,c08_83
0,0.0064415997,c08_84
0,0.00734888,c08_85
0,0.0076588555,c08_86
0,0.007085655,c08_87
0,0.007242707,c08_88
0,0.0069228257,c08_89
0,0.48993233,c08_9
0,0.0070225066,c08_90
0,0.009260661,c08_91
0,0.0059384624,c08_92
0,0.008215776,c08_93
0,0.007350921,c08_94
0,0.012018908,c08_95
0,0.0071856217,c08_96
0,0.008253636,c08_97
0,0.008816116,c08_98
0,0.008761888,c08_99
1,0.13623063,c09_32
1,0.30841035,c09_35
0,0.018236417,c09_100
0,0.0117994845,c09_101
0,0.092312366,c09_102
0,0.010493576,c09_103
0,0.010315146,c09_104
0,0.010753996,c09_105
0,0.040722977,c09_106
0,0.014603999,c09_107
0,0.08370519,c09_108
0,0.012126988,c09_109
0,0.012165036,c09_110
0,0.0143954735,c09_111
0,0.025495494,c09_112
0,0.021932201,c09_113
0,0.040159967,c09_114
0,0.012316919,c09_115
0,0.014727168,c09_116
0,0.014097387,c09_117
0,0.009357874,c09_118
0,0.03013049,c09_119
0,0.16906786,c09_12
0,0.020645583,c09_120
0,0.009480236,c09_121
0,0.021170303,c09_122
0,0.03813598,c09_123
0,0.011763904,c09_124
0,0.011115455,c09_125
0,0.011124684,c09_126
0,0.015795847,c09_127
0,0.010644966,c09_128
0,0.010759609,c09_129
0,0.091695845,c09_13
0,0.018618576,c09_130
0,0.015805183,c09_131
0,0.013031346,c09_132
0,0.015912035,c09_133
0,0.014993803,c09_134
0,0.05542774,c09_135
0,0.008063327,c09_136
0,0.13462436,c09_137
0,0.04906438,c09_138
0,0.0069145826,c09_139
0,0.34146726,c09_14
0,0.0072264457,c09_140
0,0.006956416,c09_141
0,0.0056662285,c09_142
0,0.005626614,c09_143
0,0.005439058,c09_144
0,0.0051972168,c09_145
0,0.008615426,c09_146
0,0.005918291,c09_147
0,0.006323589,c09_148
0,0.005475228,c09_149
0,0.043037172,c09_15
0,0.0043834727,c09_150
0,0.0053872345,c09_151
0,0.004987409,c09_152
0,0.004451806,c09_153
0,0.004662557,c09_154
0,0.0052266275,c09_155
0,0.00420201,c09_156
0,0.00991778,c09_157
0,0.006950565,c09_158
0,0.004769542,c09_159
0,0.20092157,c09_16
0,0.006714871,c09_160
0,0.006143275,c09_161
0,0.0046015345,c09_162
0,0.005300834,c09_163
0,0.004994582,c09_164
0,0.0070370496,c09_165
0,0.007151858,c09_166
0,0.0058455747,c09_167
0,0.0054587596,c09_168
0,0.012463315,c09_169
0,0.019691017,c09_17
0,0.006644983,c09_170
0,0.012974771,c09_171
0,0.01054113,c09_172
0,0.30729237,c09_173
0,0.058597013,c09_174
0,0.01123678,c09_175
0,0.011828233,c09_176
0,0.009881068,c09_177
0,0.008657288,c09_178
0,0.011983265,c09_179
0,0.075055785,c09_18
0,0.007537515,c09_180
0,0.0068228105,c09_181
0,0.011124899,c09_182
0,0.009146987,c09_183
0,0.009191071,c09_184
0,0.03997807,c09_185
0,0.0065971864,c09_186
0,0.013495369,c09_187
0,0.016869718,c09_188
0,0.012705111,c09_189
0,0.4765565,c09_19
0,0.006595337,c09_190
0,0.009595439,c09_191
0,0.008997666,c09_192
0,0.009545504,c09_193
0,0.010100131,c09_194
0,0.16977508,c09_195
0,0.15178153,c09_196
0,0.048706625,c09_197
0,0.10806725,c09_198
0,0.028116794,c09_199
0,0.23968838,c09_20
0,0.019873248,c09_200
0,0.0050596744,c09_201
0,0.0074590477,c09_202
0,0.011968286,c09_203
0,0.022723334,c09_204
0,0.008128852,c09_205
0,0.03957695,c09_206
0,0.30373493,c09_207
0,0.21579789,c09_208
0,0.5466651,c09_209
0,0.6259828,c09_21
0,0.1331574,c09_210
0,0.7918657,c09_211
0,0.1537268,c09_212
0,0.023304284,c09_213
0,0.010586125,c09_214
0,0.08135171,c09_215
0,0.38905507,c09_216
0,0.016316524,c09_217
0,0.015476417,c09_218
0,0.010701155,c09_219
0,0.32562712,c09_22
0,0.00763432,c09_220
0,0.008792751,c09_221
0,0.0078390995,c09_222
0,0.006333992,c09_223
0,0.09361749,c09_224
0,0.051203918,c09_225
0,0.009301243,c09_226
0,0.011477666,c09_227
0,0.0097737815,c09_228
0,0.009247908,c09_229
0,0.12777157,c09_23
0,0.0083631,c09_230
0,0.007121334,c09_231
0,0.007623846,c09_232
0,0.008208374,c09_233
0,0.008887604,c09_234
0,0.007147606,c09_235
0,0.0082705775,c09_236
0,0.009493369,c09_237
0,0.0072172936,c09_238
0,0.0059398697,c09_239
0,0.036578685,c09_24
0,0.0078755515,c09_240
0,0.0074061053,c09_241
0,0.0068187467,c09_242
0,0.008173549,c09_243
0,0.008061641,c09_244
0,0.0062754336,c09_245
0,0.006954648,c09_246
0,0.009848652,c09_247
0,0.007988286,c09_248
0,0.007551174,c09_249
0,0.07640169,c09_25
0,0.008681996,c09_250
0,0.007917286,c09_251
0,0.013264522,c09_252
0,0.009444084,c09_253
0,0.009598495,c09_254
0,0.010910017,c09_255
0,0.008743537,c09_256
0,0.0075540487,c09_257
0,0.00930796,c09_258
0,0.011340357,c09_259
0,0.015170279,c09_26
0,0.009109578,c09_260
0,0.009359704,c09_261
0,0.0092163505,c09_262
0,0.0078204945,c09_263
0,0.008070187,c09_264
0,0.0083241975,c09_265
0,0.0073549068,c09_266
0,0.031154558,c09_267
0,0.0847839,c09_268
0,0.02435412,c09_269
0,0.041395277,c09_27
0,0.005476669,c09_270
0,0.004716405,c09_271
0,0.0058866213,c09_272
0,0.005634455,c09_273
0,0.005614179,c09_274
0,0.0055382024,c09_275
0,0.007126204,c09_276
0,0.0054435027,c09_277
0,0.0049030418,c09_278
0,0.0061467113,c09_279
0,0.18959631,c09_28
0,0.004960296,c09_280
0,0.006168442,c09_281
0,0.0051901485,c09_282
0,0.0051868185,c09_283
0,0.005125902,c09_284
0,0.005597591,c09_285
0,0.004463199,c09_286
0,0.008161122,c09_287
0,0.0043115546,c09_288
0,0.005364985,c09_289
0,0.01953478,c09_29
0,0.0051268125,c09_290
0,0.0076696626,c09_291
0,0.005866512,c09_292
0,0.004370154,c09_293
0,0.005295762,c09_294
0,0.0053640613,c09_295
0,0.0050550196,c09_296
0,0.009445208,c09_297
0,0.0048361565,c09_298
0,0.0047853217,c09_299
0,0.7220055,c09_30
0,0.0069682184,c09_300
0,0.005053272,c09_301
0,0.00489648,c09_302
0,0.0045948583,c09_303
0,0.0050628004,c09_304
0,0.0059831366,c09_305
0,0.0065419977,c09_306
0,0.0076039904,c09_307
0,0.0066813664,c09_308
0,0.0051269773,c09_309
0,0.7902533,c09_31
0,0.004652846,c09_310
0,0.007208815,c09_311
0,0.013692594,c09_312
0,0.005526133,c09_313
0,0.010839717,c09_314
0,0.40113544,c09_315
0,0.011008655,c09_316
0,0.00843894,c09_317
0,0.0074786204,c09_318
0,0.0053806794,c09_319
0,0.0056873094,c09_320
0,0.00850096,c09_321
0,0.006518224,c09_322
0,0.0063135573,c09_323
0,0.011290021,c09_324
0,0.0053418167,c09_325
0,0.005432268,c09_326
0,0.005385214,c09_327
0,0.0051035164,c09_328
0,0.0062000314,c09_329
0,0.012502946,c09_33
0,0.0056785033,c09_330
0,0.005242041,c09_331
0,0.0075694784,c09_332
0,0.005758221,c09_333
0,0.0059232134,c09_334
0,0.005455918,c09_335
0,0.00773271,c09_336
0,0.0047780783,c09_337
0,0.005865917,c09_338
0,0.0057235127,c09_339
0,0.50805587,c09_34
0,0.0054575014,c09_340
0,0.005094354,c09_341
0,0.005601106,c09_342
0,0.0051678047,c09_343
0,0.007357546,c09_344
0,0.0048308084,c09_345
0,0.0061500617,c09_346
0,0.004869066,c09_347
0,0.0051481617,c09_348
0,0.005217378,c09_349
0,0.0063587776,c09_350
0,0.0070807384,c09_351
0,0.005245329,c09_352
0,0.005883138,c09_353
0,0.004804896,c09_354
0,0.0057562655,c09_355
0,0.005454485,c09_356
0,0.005644798,c09_357
0,0.0062001254,c09_358
0,0.006281643,c09_359
0,0.023440786,c09_36
0,0.005609015,c09_360
0,0.006174089,c09_361
0,0.0051173647,c09_362
0,0.0054415427,c09_363
0,0.0054720817,c09_364
0,0.0053385794,c09_365
0,0.006108976,c09_366
0,0.0102753835,c09_367
0,0.367352,c09_368
0,0.019142255,c09_369
0,0.03770466,c09_37
0,0.024666708,c09_370
0,0.0050766324,c09_371
0,0.003743793,c09_372
0,0.004060423,c09_373
0,0.0037072601,c09_374
0,0.011326413,c09_375
0,0.2022047,c09_376
0,0.053925153,c09_377
0,0.007476132,c09_378
0,0.010358601,c09_379
0,0.04166219,c09_38
0,0.005137824,c09_380
0,0.008733896,c09_381
0,0.0054748487,c09_382
0,0.006340183,c09_383
0,0.0049074567,c09_384
0,0.003515607,c09_385
0,0.014397843,c09_386
0,0.01596996,c09_387
0,0.016565118,c09_388
0,0.009798939,c09_389
0,0.15103376,c09_39
0,0.01447754,c09_390
0,0.0071652643,c09_391
0,0.01566142,c09_392
0,0.004318992,c09_393
0,0.004238408,c09_394
0,0.009091744,c09_395
0,0.020590488,c09_396
0,0.030085556,c09_397
0,0.0022993444,c09_398
0,0.0034146623,c09_399
0,0.14374319,c09_40
0,0.0034419207,c09_400
0,0.003351129,c09_401
0,0.00269457,c09_402
0,0.0033296454,c09_403
0,0.0026120823,c09_404
0,0.002540032,c09_405
0,0.0024621612,c09_406
0,0.002149156,c09_407
0,0.0020211285,c09_408
0,0.0035779118,c09_409
0,0.08095793,c09_41
0,0.002795509,c09_410
0,0.0023419175,c09_411
0,0.0027805998,c09_412
0,0.0021963124,c09_413
0,0.0023470025,c09_414
0,0.0023944562,c09_415
0,0.0033016312,c09_416
0,0.0033519361,c09_417
0,0.002467445,c09_418
0,0.0029063632,c09_419
0,0.037327487,c09_42
0,0.0026084944,c09_420
0,0.0037618163,c09_421
0,0.0023907025,c09_422
0,0.003443303,c09_423
0,0.0034529539,c09_424
0,0.0028271757,c09_425
0,0.0025816923,c09_426
0,0.0036483884,c09_427
0,0.0034315046,c09_428
0,0.0029571403,c09_429
0,0.02340709,c09_43
0,0.0026294768,c09_430
0,0.0028819551,c09_431
0,0.002656031,c09_432
0,0.0023339377,c09_433
0,0.003588044,c09_434
0,0.0043744254,c09_435
0,0.0043260287,c09_436
0,0.0028212443,c09_437
0,0.002727076,c09_438
0,0.0024180824,c09_439
0,0.45751792,c09_44
0,0.52934676,c09_440
0,0.31167746,c09_441
0,0.0114637865,c09_442
0,0.007951697,c09_443
0,0.0072045918,c09_444
0,0.0063229394,c09_445
0,0.008151374,c09_446
0,0.01312402,c09_447
0,0.06487274,c09_448
0,0.008083649,c09_449
0,0.022154292,c09_45
0,0.02415711,c09_450
0,0.010168458,c09_451
0,0.5398192,c09_452
0,0.102676876,c09_453
0,0.022148797,c09_454
0,0.024632579,c09_455
0,0.6730282,c09_456
0,0.020952303,c09_457
0,0.0045143287,c09_458
0,0.004287895,c09_459
0,0.010573856,c09_46
0,0.113360286,c09_460
0,0.003811632,c09_461
0,0.004065231,c09_462
0,0.2645067,c09_463
0,0.010424279,c09_464
0,0.43214574,c09_465
0,0.3761205,c09_466
0,0.5415334,c09_467
0,0.013440021,c09_47
0,0.013718081,c09_48
0,0.011223491,c09_49
0,0.022273196,c09_50
0,0.009000218,c09_51
0,0.01596489,c09_52
0,0.009171767,c09_53
0,0.01185326,c09_54
0,0.010072003,c09_55
0,0.008255174,c09_56
0,0.008089893,c09_57
0,0.009159426,c09_58
0,0.007140226,c09_59
0,0.010181476,c09_60
0,0.006167282,c09_61
0,0.018415567,c09_62
0,0.005660177,c09_63
0,0.0063934685,c09_64
0,0.00881016,c09_65
0,0.18079375,c09_66
0,0.14601205,c09_67
0,0.028051788,c09_68
0,0.017652053,c09_69
0,0.010660983,c09_70
0,0.008813924,c09_71
0,0.108568296,c09_72
0,0.020642277,c09_73
0,0.011347728,c09_74
0,0.031321898,c09_75
0,0.035201643,c09_76
0,0.12580246,c09_77
0,0.0115027465,c09_78
0,0.013445537,c09_79
0,0.105167635,c09_8
0,0.016590727,c09_80
0,0.016246665,c09_81
0,0.008861123,c09_82
0,0.011109492,c09_83
0,0.0089021735,c09_84
0,0.040475708,c09_85
0,0.020741822,c09_86
0,0.022323225,c09_87
0,0.009554426,c09_88
0,0.009214149,c09_89
0,0.017684529,c09_90
0,0.010253818,c09_91
0,0.027060775,c09_92
0,0.010331,c09_93
0,0.16113375,c09_94
0,0.007874278,c09_95
0,0.2656927,c09_96
0,0.19738348,c09_97
0,0.027140386,c09_98
0,0.027743265,c09_99
1,0.0071933656,c10_257
0,0.19819018,c10_10
0,0.0015694468,c10_100
0,0.00646563,c10_101
0,0.0053004315,c10_102
0,0.0014553776,c10_103
0,0.002301602,c10_104
0,0.0017905538,c10_105
0,0.0017245878,c10_106
0,0.0089605935,c10_107
0,0.0072369217,c10_108
0,0.01534019,c10_109
0,0.143339,c10_11
0,0.0061133783,c10_110
0,0.0018956566,c10_111
0,0.0035119792,c10_112
0,0.0016781721,c10_113
0,0.004694425,c10_114
0,0.0054659713,c10_115
0,0.002099889,c10_116
0,0.0018962086,c10_117
0,0.0016427687,c10_118
0,0.002335136,c10_119
0,0.32078403,c10_12
0,0.0017644133,c10_120
0,0.0017041895,c10_121
0,0.0017054488,c10_122
0,0.0017271248,c10_123
0,0.0015545927,c10_124
0,0.0034336771,c10_125
0,0.002513605,c10_126
0,0.0015286912,c10_127
0,0.0015027827,c10_128
0,0.001716483,c10_129
0,0.07571316,c10_13
0,0.0016654417,c10_130
0,0.0015793677,c10_131
0,0.0016723195,c10_132
0,0.0018698109,c10_133
0,0.0017720239,c10_134
0,0.0017850582,c10_135
0,0.0017878467,c10_136
0,0.002742007,c10_137
0,0.0019917958,c10_138
0,0.0030746202,c10_139
0,0.15182576,c10_14
0,0.0035377666,c10_140
0,0.002383721,c10_141
0,0.0016642006,c10_142
0,0.0020081715,c10_143
0,0.005568459,c10_144
0,0.025093429,c10_145
0,0.013408344,c10_146
0,0.04728244,c10_147
0,0.06497532,c10_148
0,0.003045403,c10_149
0,0.2727283,c10_15
0,0.0044576214,c10_150
0,0.0020621968,c10_151
0,0.0028851987,c10_152
0,0.0024949491,c10_153
0,0.004304527,c10_154
0,0.021189949,c10_155
0,0.012370127,c10_156
0,0.023997167,c10_157
0,0.011960235,c10_158
0,0.023629013,c10_159
0,0.4578318,c10_16
0,0.048528638,c10_160
0,0.05190044,c10_161
0,0.027672742,c10_162
0,0.01507272,c10_163
0,0.026970591,c10_164
0,0.0021873375,c10_165
0,0.009293029,c10_166
0,0.02095914,c10_167
0,0.020347107,c10_168
0,0.034645546,c10_169
0,0.11556541,c10_17
0,0.033890657,c10_170
0,0.019430595,c10_171
0,0.021609379,c10_172
0,0.024195168,c10_173
0,0.030512333,c10_174
0,0.009533825,c10_175
0,0.007638977,c10_176
0,0.0116892075,c10_177
0,0.011573609,c10_178
0,0.0075783026,c10_179
0,0.038081583,c10_18
0,0.03264381,c10_180
0,0.014144226,c10_181
0,0.010994894,c10_182
0,0.006335828,c10_183
0,0.046795886,c10_184
0,0.17221294,c10_185
0,0.016865766,c10_186
0,0.08044899,c10_187
0,0.041520223,c10_188
0,0.026321987,c10_189
0,0.0035697324,c10_19
0,0.010577931,c10_190
0,0.11949508,c10_191
0,0.027066454,c10_192
0,0.12782778,c10_193
0,0.027938155,c10_194
0,0.08086057,c10_195
0,0.21939173,c10_196
0,0.030485984,c10_197
0,0.022233767,c10_198
0,0.029661218,c10_199
0,0.23814154,c10_20
0,0.013671874,c10_200
0,0.0038245341,c10_201
0,0.018244214,c10_202
0,0.032790724,c10_203
0,0.004376293,c10_204
0,0.0018039991,c10_205
0,0.08749392,c10_206
0,0.006940551,c10_207
0,0.030539129,c10_208
0,0.009243902,c10_209
0,0.0024269612,c10_21
0,0.08572041,c10_210
0,0.027449856,c10_211
0,0.022603795,c10_212
0,0.009399118,c10_213
0,0.0067696227,c10_214
0,0.016357329,c10_215
0,0.0041753384,c10_216
0,0.008119677,c10_217
0,0.0071600764,c10_218
0,0.05136528,c10_219
0,0.008745123,c10_22
0,0.02029102,c10_220
0,0.008351354,c10_221
0,0.02385634,c10_222
0,0.017792528,c10_223
0,0.011202502,c10_224
0,0.009840453,c10_225
0,0.0033891455,c10_226
0,0.0056404937,c10_227
0,0.059719224,c10_228
0,0.0024767262,c10_229
0,0.0019142212,c10_23
0,0.040566456,c10_230
0,0.07207057,c10_231
0,0.028911576,c10_232
0,0.016970737,c10_233
0,0.06223774,c10_234
0,0.16502596,c10_235
0,0.0028597196,c10_236
0,0.0099190315,c10_237
0,0.027699735,c10_238
0,0.013239618,c10_239
0,0.0017905026,c10_24
0,0.046115927,c10_240
0,0.013533383,c10_241
0,0.0058869706,c10_242
0,0.0582251,c10_243
0,0.04023031,c10_244
0,0.0034444765,c10_245
0,0.0045206975,c10_246
0,0.06321304,c10_247
0,0.0036504066,c10_248
0,0.0062358435,c10_249
0,0.00462627,c10_25
0,0.0074873846,c10_250
0,0.004007457,c10_251
0,0.0075285593,c10_252
0,0.0059506237,c10_253
0,0.0047654696,c10_254
0,0.0076079173,c10_255
0,0.0036687108,c10_256
0,0.009147554,c10_258
0,0.008992828,c10_259
0,0.0017753163,c10_26
0,0.03387617,c10_260
0,0.0077415793,c10_261
0,0.012408033,c10_262
0,0.01200571,c10_263
0,0.03835725,c10_264
0,0.06509979,c10_265
0,0.020643191,c10_266
0,0.007119049,c10_267
0,0.005750331,c10_268
0,0.0052622547,c10_269
0,0.002385402,c10_27
0,0.009508859,c10_270
0,0.009703715,c10_271
0,0.009436165,c10_272
0,0.013312338,c10_273
0,0.005830652,c10_274
0,0.008478497,c10_275
0,0.020863507,c10_276
0,0.0024445911,c10_277
0,0.0023794454,c10_278
0,0.0023228663,c10_279
0,0.0021898856,c10_28
0,0.0033888107,c10_280
0,0.0024415255,c10_281
0,0.0036889499,c10_282
0,0.27001992,c10_283
0,0.013426043,c10_284
0,0.0034057559,c10_285
0,0.027146447,c10_286
0,0.008759263,c10_287
0,0.018932158,c10_288
0,0.03856402,c10_289
0,0.0017591798,c10_29
0,0.007527939,c10_290
0,0.023428699,c10_291
0,0.007016844,c10_292
0,0.013504583,c10_293
0,0.008442057,c10_294
0,0.011387082,c10_295
0,0.010719162,c10_296
0,0.0029307266,c10_297
0,0.008504014,c10_298
0,0.023381392,c10_299
0,0.22301546,c10_30
0,0.010982689,c10_300
0,0.029851321,c10_301
0,0.012277404,c10_302
0,0.005593067,c10_303
0,0.022895323,c10_304
0,0.01134325,c10_305
0,0.02509013,c10_306
0,0.024996776,c10_307
0,0.028178297,c10_308
0,0.034379594,c10_309
0,0.11087995,c10_31
0,0.0062611564,c10_310
0,0.0061348733,c10_311
0,0.018896136,c10_312
0,0.024160583,c10_313
0,0.041431773,c10_314
0,0.06442606,c10_315
0,0.023125596,c10_316
0,0.02021322,c10_317
0,0.0047424715,c10_318
0,0.022122294,c10_319
0,0.2964615,c10_32
0,0.01592273,c10_320
0,0.0029746024,c10_321
0,0.055925015,c10_322
0,0.07239938,c10_323
0,0.005578412,c10_324
0,0.08640953,c10_325
0,0.05266404,c10_326
0,0.0032193982,c10_327
0,0.0032761823,c10_328
0,0.0063647917,c10_329
0,0.0025583191,c10_33
0,0.075504564,c10_330
0,0.032044735,c10_331
0,0.00863676,c10_332
0,0.009477722,c10_333
0,0.02348419,c10_334
0,0.007627852,c10_335
0,0.106236614,c10_336
0,0.039654978,c10_337
0,0.002718396,c10_338
0,0.013491459,c10_339
0,0.004031922,c10_34
0,0.15300454,c10_340
0,0.021347487,c10_341
0,0.0019973838,c10_342
0,0.002810919,c10_343
0,0.0017982139,c10_344
0,0.0041543064,c10_345
0,0.14511058,c10_346
0,0.01352623,c10_347
0,0.0057273568,c10_348
0,0.0062017245,c10_349
0,0.0015147965,c10_35
0,0.003505908,c10_350
0,0.0115853865,c10_351
0,0.0089800805,c10_352
0,0.0038892375,c10_353
0,0.021190587,c10_354
0,0.01354263,c10_355
0,0.0070253075,c10_356
0,0.003989253,c10_357
0,0.015102543,c10_358
0,0.0041222535,c10_359
0,0.0014741225,c10_36
0,0.0032876702,c10_360
0,0.007819233,c10_361
0,0.0026320396,c10_362
0,0.004189837,c10_363
0,0.0024625794,c10_364
0,0.0066808467,c10_365
0,0.0056894855,c10_366
0,0.0056300885,c10_367
0,0.006103969,c10_368
0,0.01568162,c10_369
0,0.0014530917,c10_37
0,0.035897706,c10_370
0,0.0071419436,c10_371
0,0.008514454,c10_372
0,0.008845001,c10_373
0,0.008445147,c10_374
0,0.004733068,c10_375
0,0.007999966,c10_376
0,0.0048015723,c10_377
0,0.007230066,c10_378
0,0.13712908,c10_379
0,0.002366153,c10_38
0,0.021190193,c10_380
0,0.004511737,c10_381
0,0.013018198,c10_382
0,0.019545889,c10_383
0,0.0066952985,c10_384
0,0.013742902,c10_385
0,0.027647464,c10_386
0,0.04417291,c10_387
0,0.024865571,c10_388
0,0.013480116,c10_389
0,0.0041232365,c10_39
0,0.018711096,c10_390
0,0.020550407,c10_391
0,0.006051757,c10_392
0,0.011905106,c10_393
0,0.031657137,c10_394
0,0.009712438,c10_395
0,0.016424334,c10_396
0,0.0043007187,c10_397
0,0.021242728,c10_398
0,0.004583636,c10_399
0,0.22439013,c10_4
0,0.005094643,c10_40
0,0.009119724,c10_400
0,0.008839765,c10_401
0,0.048723623,c10_402
0,0.0059130476,c10_403
0,0.03963274,c10_404
0,0.026046097,c10_405
0,0.004040084,c10_406
0,0.012018386,c10_407
0,0.009737097,c10_408
0,0.00799759,c10_409
0,0.0014446367,c10_41
0,0.0054553533,c10_410
0,0.0056133703,c10_411
0,0.0063241795,c10_412
0,0.0062683695,c10_413
0,0.002648287,c10_414
0,0.0134456325,c10_415
0,0.0069842,c10_416
0,0.030353734,c10_417
0,0.015627122,c10_418
0,0.0030633993,c10_419
0,0.0014519651,c10_42
0,0.015684372,c10_420
0,0.0053279507,c10_421
0,0.009338092,c10_422
0,0.009669222,c10_423
0,0.07224258,c10_424
0,0.07822992,c10_425
0,0.785368,c10_426
0,0.0020759867,c10_427
0,0.0020643864,c10_428
0,0.06479501,c10_429
0,0.001732026,c10_43
0,0.5921735,c10_430
0,0.0019012776,c10_44
0,0.0014960789,c10_45
0,0.0015806255,c10_46
0,0.0017443846,c10_47
0,0.0015979833,c10_48
0,0.0014537084,c10_49
0,0.087345846,c10_5
0,0.0014950664,c10_50
0,0.0014435117,c10_51
0,0.0014899699,c10_52
0,0.0014478422,c10_53
0,0.0015087029,c10_54
0,0.0016243816,c10_55
0,0.0014454892,c10_56
0,0.0015831378,c10_57
0,0.0016933016,c10_58
0,0.0015757793,c10_59
0,0.0014992094,c10_60
0,0.0016596421,c10_61
0,0.0015482022,c10_62
0,0.0015619731,c10_63
0,0.0016734572,c10_64
0,0.0015929108,c10_65
0,0.0015717983,c10_66
0,0.0016899294,c10_67
0,0.0015919956,c10_68
0,0.0017157086,c10_69
0,0.0015727197,c10_70
0,0.006236118,c10_71
0,0.026979504,c10_72
0,0.008387875,c10_73
0,0.001536607,c10_74
0,0.0017078993,c10_75
0,0.0015503974,c10_76
0,0.0015471692,c10_77
0,0.0016095174,c10_78
0,0.0015403163,c10_79
0,0.1217916,c10_8
0,0.0015701342,c10_80
0,0.0015100555,c10_81
0,0.0015872902,c10_82
0,0.0015127712,c10_83
0,0.0015973877,c10_84
0,0.0017721923,c10_85
0,0.00162176,c10_86
0,0.0015244916,c10_87
0,0.001670083,c10_88
0,0.0015455112,c10_89
0,0.36294794,c10_9
0,0.030586982,c10_90
0,0.0101417685,c10_91
0,0.01115476,c10_92
0,0.015962709,c10_93
0,0.03636296,c10_94
0,0.012687597,c10_95
0,0.0014557724,c10_96
0,0.0055385595,c10_97
0,0.010327373,c10_98
0,0.0018922206,c10_99
1,0.4360258,x01_25
1,0.52614707,x01_26
1,0.88836247,x01_27
1,0.54495007,x01_28
1,0.5003591,x01_29
1,0.4859821,x01_30
1,0.8659523,x01_31
1,0.5273067,x01_32
1,0.41939422,x01_33
1,0.15745148,x01_34
1,0.50421387,x01_35
1,0.9260818,x01_36
1,0.19202086,x01_37
1,0.8205024,x01_38
1,0.85819024,x01_39
1,0.8435502,x01_40
1,0.5384707,x01_41
1,0.3164078,x01_115
1,0.23906839,x01_116
1,0.181344,x01_117
1,0.47907826,x01_118
1,0.36884636,x01_119
1,0.5647319,x01_63
1,0.9071944,x01_64
1,0.8051927,x01_65
1,0.7985599,x01_66
1,0.7483242,x01_67
1,0.7161336,x01_68
1,0.9554125,x01_69
1,0.9704789,x01_70
1,0.6301739,x01_71
1,0.953558,x01_72
1,0.9700875,x01_73
1,0.9708992,x01_74
1,0.9674461,x01_75
1,0.8541856,x01_76
1,0.8693963,x01_77
1,0.33148548,x01_78
1,0.9333857,x01_79
1,0.47750288,x01_80
1,0.88712794,x01_81
1,0.96185017,x01_82
1,0.95286196,x01_83
1,0.9563546,x01_84
1,0.7002465,x01_85
1,0.4279983,x01_86
1,0.9856213,x01_87
1,0.9477712,x01_88
1,0.5767822,x01_89
1,0.7800374,x01_90
1,0.7451955,x01_120
1,0.65529865,x01_121
1,0.8700519,x01_123
1,0.6087919,x01_124
1,0.8222104,x01_125
1,0.93418205,x01_126
1,0.7336888,x01_127
1,0.775255,x01_128
1,0.69094396,x01_129
1,0.38966832,x01_130
1,0.815852,x01_131
1,0.9301073,x01_132
1,0.26786673,x01_133
1,0.91421086,x01_134
1,0.82686484,x01_135
1,0.8672665,x01_136
1,0.91475767,x01_137
1,0.6203501,x01_138
1,0.83613324,x01_139
1,0.88902664,x01_142
1,0.70990694,x01_143
1,0.9472868,x01_144
1,0.9659868,x01_145
1,0.86952746,x01_146
1,0.94779015,x01_149
1,0.91748804,x01_150
1,0.78931844,x01_153
1,0.70916444,x01_154
1,0.68826723,x01_155
1,0.95263463,x01_156
1,0.9159504,x01_157
1,0.88994604,x01_158
1,0.5388203,x01_159
1,0.8584924,x01_160
1,0.80333406,x01_161
1,0.7995473,x01_162
1,0.95036846,x01_163
1,0.8713848,x01_164
1,0.9202891,x01_165
1,0.93103826,x01_166
1,0.93310714,x01_167
1,0.7624979,x01_168
1,0.9826499,x01_169
1,0.8841714,x01_170
1,0.902559,x01_171
1,0.94567275,x01_172
1,0.9221679,x01_173
1,0.49158776,x01_174
1,0.9602466,x01_175
1,0.91970193,x01_176
1,0.9322567,x01_177
1,0.83092403,x01_178
1,0.8964869,x01_179
1,0.9638981,x01_180
1,0.3007882,x01_181
1,0.963224,x01_182
1,0.9811613,x01_183
1,0.9826068,x01_184
1,0.97208124,x01_185
1,0.95077837,x01_186
1,0.97803473,x01_187
1,0.9764147,x01_188
1,0.97260725,x01_189
